{
  "color": [
    {
      "name": "start_window_background",
      "value": "#FFFFFF"
    },
    {
      "name": "bg_gray",
      "value": "#f7f7f7"
    },
    {
      "name": "bg_gray_second",
      "value": "#f9f9f9"
    },
    {
      "name": "gray_second",
      "value": "#666666"
    },
    {
      "name": "primary",
      "value": "#36d1a1"
    },
    {
      "name": "shadow",
      "value": "#24000000"
    },
    {
      "name": "black",
      "value": "#000"
    },
    {
      "name": "white",
      "value": "#fff"
    },
    {
      "name": "gray",
      "value": "#999999"
    }
  ]
}