{
    "整个": {
        "name": "整个",
        "flag": "images/country/球场.jpg",
        "人员": [
            {
                "id": "456",
                "name": "vfg",
                "position": "GK",
                "photo": "images/person/整个_456.png"
            }
        ]
    },
    "中国": {
        "name": "中国",
        "flag": "images/country/球场.jpg",
        "人员": [
            {
                "id": "1",
                "name": "567",
                "position": "GK",
                "photo": "images/person/中国_1.png"
            },
            {
                "id": "1",
                "name": "568",
                "position": "CDM",
                "photo": "images/person/中国_1.png"
            }
        ]
    }
}