{"CACHE_SYNC_FILE_HASH":{"C:\\Users\\fl\\Desktop\\rentRoom-master\\hvigor\\hvigor-config.json5":"1287707b8345c05b65df3545272bfffac90b6793b7edb410a0ef7567227073b1","C:\\Users\\fl\\Desktop\\rentRoom-master\\build-profile.json5":"923f0dc3f06fd8d0fb4c3a0a5b7c1de8520f77c1989adfbbb1350e2bc1fdb42c","C:\\Users\\fl\\Desktop\\rentRoom-master\\hvigorfile.ts":"6efa94be8158d2b3c056a9f0639024c83545f15ca31fffdaa6304a8e2ba867be","C:\\Users\\fl\\Desktop\\rentRoom-master\\oh-package.json5":"5617430c5e002d1c0f8599a2defc5354bbd14d73c2aae788acc0b11d4dc269e8","C:\\Users\\fl\\Desktop\\rentRoom-master\\entry\\build-profile.json5":"188e782336cc067fc875f85cbd3485051702097ff5e21aca90491d6fd874208a","C:\\Users\\fl\\Desktop\\rentRoom-master\\entry\\hvigorfile.ts":"6efa94be8158d2b3c056a9f0639024c83545f15ca31fffdaa6304a8e2ba867be","C:\\Users\\fl\\Desktop\\rentRoom-master\\entry\\oh-package.json5":"4e49a9372a58f60eaa5888c021e5f84185adac9ab3146d2ac721903ec9659e6e","C:\\Users\\fl\\Desktop\\rentRoom-master\\.hvigor\\outputs\\sync\\output.json":"7f4fd2696da0cb4a9102c4fa93e6d587ae9627fc78fa7975a5607bcaab16d449","SDK_LOCATION":"D:/huaweiIDE/DevEco Studio/sdk"},"OHPM_INSTALL_FILE_HASH":{"C:\\Users\\fl\\Desktop\\rentRoom-master\\oh-package.json5":"5617430c5e002d1c0f8599a2defc5354bbd14d73c2aae788acc0b11d4dc269e8","C:\\Users\\fl\\Desktop\\rentRoom-master\\oh_modules\\.ohpm\\lock.json5":"685b6e7bec206050243462a28dad4a62c973d7f11a82abdde92de5e08e2bc30b","C:\\Users\\fl\\Desktop\\rentRoom-master\\entry\\oh-package.json5":"4e49a9372a58f60eaa5888c021e5f84185adac9ab3146d2ac721903ec9659e6e","C:\\Users\\fl\\Desktop\\rentRoom-master\\oh_modules":true,"C:\\Users\\fl\\Desktop\\rentRoom-master\\entry\\oh_modules":false}}