{
  "HVIGOR_OHOS_PLUGIN": {
    "MODULES": [
      {
        "MODULE_NAME": "923fe53966c6cd9343e11af776cd4b05be315ea4b200b02e4d5dfb0f929b73bf",
        "API_TYPE": "stageMode"
      }
    ],
    "NATIVE_COMPILER": "Default",
    "BUILD_MODE": "debug"
  },
  "HVIGOR": {
    "IS_INCREMENTAL": true,
    "IS_DAEMON": true,
    "IS_PARALLEL": true,
    "IS_HVIGORFILE_TYPE_CHECK": false,
    "TASK_TIME": {
      "923fe53966c6cd9343e11af776cd4b05be315ea4b200b02e4d5dfb0f929b73bf": {
        "CreateModuleInfo": 739200,
        "ConfigureCmake": 504100,
        "PreCheckSyscap": 393500,
        "ProcessIntegratedHsp": 1116700,
        "BuildNativeWithCmake": 578200,
        "SyscapTransform": 3267300,
        "ProcessStartupConfig": 2963700,
        "BuildNativeWithNinja": 683000,
        "BuildJS": 3225600,
        "ProcessCompiledResources": 696500,
        "PackingCheck": 4976900,
        "SignHap": 2113200,
        "CollectDebugSymbol": 1823500,
        "assembleHap": 242800
      }
    },
    "APIS": [
      "getHvigorConfig",
      "getRootNodeDescriptor",
      "getChildNode",
      "getNodeByName",
      "getAllNodes",
      "getRootNode",
      "getNodeName",
      "getNodePath",
      "subNodes",
      "getExtraOption",
      "getExtParam",
      "getExtParams",
      "getProperty",
      "getProperties",
      "getParameter",
      "getProductName",
      "nodesEvaluated",
      "getCommandEntryTask"
    ],
    "CONFIG_PROPERTIES": {},
    "TOTAL_TIME": 333930200,
    "BUILD_ID": "202512061915043080"
  }
}