{":rentRoom-master:entry:default@PreBuild":{"_inputs":[{"dataType":"ValueEntry","value":"{\"_name\":\"BUILTIN_TASK_COMMAND\",\"_value\":\"\",\"_valueType\":\"string\",\"_hash\":\"6c1049eece256c5ecd9a72bb60d260f5eaa0c767e9261531c19a2711a4384caa\"}"},{"dataType":"ValueEntry","value":"{\"_name\":\"BUILTIN_TASK_ENV\",\"_value\":\"\",\"_valueType\":\"string\",\"_hash\":\"fab23d53b4bed861bede91aa55abd54ccbb48f2366122ec79fa9d6a917cab83a\"}"},{"dataType":"ValueEntry","value":"{\"_name\":\"BUILTIN_TASK_TOOLCHAIN\",\"_value\":\"\",\"_valueType\":\"string\",\"_hash\":\"f354d8b3443da1d086e3f8d488045965d1abb7d86e6d7602e63c46d85ae85454\"}"},{"dataType":"ValueEntry","value":"{\"_name\":\"apiType\",\"_value\":\"stageMode\",\"_valueType\":\"string\",\"_hash\":\"9ac09f1ae36c615b7034e57604d143ee6f7923a31f49ed79ba5af84e65bd2cd5\"}"},{"dataType":"ValueEntry","value":"{\"_name\":\"byteCodeHar\",\"_value\":false,\"_valueType\":\"boolean\",\"_hash\":\"4a2f0b0a7b1684665f4cfdf556e7849eb7b76fd73c8be3b83a43ccf9022a23dc\"}"},{"dataType":"ValueEntry","value":"{\"_name\":\"codeType\",\"_value\":true,\"_valueType\":\"boolean\",\"_hash\":\"55d417a3ae2590190c5eec1f80e83526051dc5fd38bfdf095543a8ebfb0969d0\"}"},{"dataType":"ValueEntry","value":"{\"_name\":\"compatibleApiVersion\",\"_value\":12,\"_valueType\":\"number\",\"_hash\":\"3044b764a8e3877e0efd8c4a1f9a29375d8109057ef019dbc16ee2bd0977fdf4\"}"},{"dataType":"ValueEntry","value":"{\"_name\":\"compileApiVersion\",\"_value\":21,\"_valueType\":\"number\",\"_hash\":\"172e07e1335bae92f1242f8a7ae7145e7cc2346411314feb3d79274c65d19671\"}"},{"dataType":"ValueEntry","value":"{\"_name\":\"configuration\",\"_value\":\"\",\"_valueType\":\"string\",\"_hash\":\"b041968df1b26a31cfc4ac747e70435fa5a69b22512251322233d70b778fdade\"}"},{"dataType":"ValueEntry","value":"{\"_name\":\"configurationFileJson\",\"_value\":\"\",\"_valueType\":\"string\",\"_hash\":\"38995319d700f1305e6f6c3f020f422155fa8dbd43f1ebc9125ad7fdfa41a760\"}"},{"dataType":"ValueEntry","value":"{\"_name\":\"customTypes\",\"_value\":\"\",\"_valueType\":\"string\",\"_hash\":\"a53b59d3cf3d0e26864fb7740c427a8bb49c88847f89d2674bae0714f005cd69\"}"},{"dataType":"ValueEntry","value":"{\"_name\":\"deviceType\",\"_value\":[\"phone\",\"tablet\",\"2in1\"],\"_valueType\":\"object\",\"_hash\":\"be7b775b37c7ae9714810826658b5338ca6a9590bfe7fb661cea34b051040cba\"}"},{"dataType":"ValueEntry","value":"{\"_name\":\"excludeExpandImportDependencyNames\",\"_value\":[],\"_valueType\":\"object\",\"_hash\":\"7ac740b7270690c6ad8e2c54545fb0683a607618b35bc56fa079abd95d469671\"}"},{"dataType":"ValueEntry","value":"{\"_name\":\"integrated_hsp\",\"_value\":false,\"_valueType\":\"boolean\",\"_hash\":\"c8e0a42238b6cb31ba5369f43f42fa7da63c8b99e3bc85ae67f55c6b25ba0540\"}"},{"dataType":"ValueEntry","value":"{\"_name\":\"isExpandImportEnabled\",\"_value\":false,\"_valueType\":\"boolean\",\"_hash\":\"b67a29a46e7f73582199a2914054cf91c9c3c5201bae6150d41cb4ff12f75a33\"}"},{"dataType":"ValueEntry","value":"{\"_name\":\"isPreloadSystemSoEnabled\",\"_value\":false,\"_valueType\":\"boolean\",\"_hash\":\"6ac08297964668ba6d6497fff711f690384b7295ce0ad8544261dd56d792025c\"}"},{"dataType":"ValueEntry","value":"{\"_name\":\"isSingleFileEmitEnabled\",\"_value\":false,\"_valueType\":\"boolean\",\"_hash\":\"e4c94844e729a98f2b41957f8a30299cb4b7008cbb2b94ad9f2b339252b2a3e8\"}"},{"dataType":"ValueEntry","value":"{\"_name\":\"isSupportOhpmProj\",\"_value\":true,\"_valueType\":\"boolean\",\"_hash\":\"9338de8e6e2136c4fbf4aca514d6b4410fe55bc08b27a9df26930b1bc45b181b\"}"},{"dataType":"ValueEntry","value":"{\"_name\":\"mockConfigSources\",\"_value\":\"\",\"_valueType\":\"string\",\"_hash\":\"a3bff00750cc8a798045da26a41c733414559f8c03a3b3b128a9d5d1b4030388\"}"},{"dataType":"ValueEntry","value":"{\"_name\":\"moduleDependencyNames\",\"_value\":[],\"_valueType\":\"object\",\"_hash\":\"a371086d2024edef8e9b6734d528894e3bd2f5c7a4f7158b62a2545963146831\"}"},{"dataType":"ValueEntry","value":"{\"_name\":\"moduleJsonOpt\",\"_value\":\"{\\\"jsonFilePath\\\":\\\"C:\\\\\\\\Users\\\\\\\\fl\\\\\\\\Desktop\\\\\\\\rentRoom-master\\\\\\\\entry\\\\\\\\src\\\\\\\\main\\\\\\\\module.json5\\\",\\\"profile\\\":{\\\"module\\\":{\\\"name\\\":\\\"entry\\\",\\\"type\\\":\\\"entry\\\",\\\"description\\\":\\\"$string:module_desc\\\",\\\"mainElement\\\":\\\"EntryAbility\\\",\\\"deviceTypes\\\":[\\\"phone\\\",\\\"tablet\\\",\\\"2in1\\\"],\\\"deliveryWithInstall\\\":true,\\\"installationFree\\\":false,\\\"pages\\\":\\\"$profile:main_pages\\\",\\\"abilities\\\":[{\\\"name\\\":\\\"EntryAbility\\\",\\\"srcEntry\\\":\\\"./ets/entryability/EntryAbility.ets\\\",\\\"description\\\":\\\"$string:EntryAbility_desc\\\",\\\"icon\\\":\\\"$media:layered_image\\\",\\\"label\\\":\\\"$string:EntryAbility_label\\\",\\\"startWindowIcon\\\":\\\"$media:startIcon\\\",\\\"startWindowBackground\\\":\\\"$color:start_window_background\\\",\\\"exported\\\":true,\\\"skills\\\":[{\\\"entities\\\":[\\\"entity.system.home\\\"],\\\"actions\\\":[\\\"action.system.home\\\"]}]}],\\\"extensionAbilities\\\":[{\\\"name\\\":\\\"EntryBackupAbility\\\",\\\"srcEntry\\\":\\\"./ets/entrybackupability/EntryBackupAbility.ets\\\",\\\"type\\\":\\\"backup\\\",\\\"exported\\\":false,\\\"metadata\\\":[{\\\"name\\\":\\\"ohos.extension.backup\\\",\\\"resource\\\":\\\"$profile:backup_config\\\"}]}],\\\"requestPermissions\\\":[{\\\"name\\\":\\\"ohos.permission.INTERNET\\\"}]}},\\\"deviceTypes\\\":[\\\"phone\\\",\\\"tablet\\\",\\\"2in1\\\"],\\\"deviceConfig\\\":\\\"deviceTypes\\\",\\\"configurationProfile\\\":\\\"module.json5\\\"}\",\"_valueType\":\"string\",\"_hash\":\"25810ffa507c5c65e4b605ea57718fd6cc7cb50b8a4fd7adeb88c9971d62364c\"}"},{"dataType":"ValueEntry","value":"{\"_name\":\"profileModuleName\",\"_value\":\"entry\",\"_valueType\":\"string\",\"_hash\":\"78e7b86d1a6d2e9e31fd10fc7e74c0a899014f517dec9eb153efb2374affaafd\"}"},{"dataType":"ValueEntry","value":"{\"_name\":\"removePermissions\",\"_valueType\":\"undefined\",\"_hash\":\"68ce79e87f7bc97a0e03070101e01e1b68b101f52b35a57fde4a1b321be3bdde\"}"},{"dataType":"ValueEntry","value":"{\"_name\":\"requiredDeviceType\",\"_value\":\"phone\",\"_valueType\":\"string\",\"_hash\":\"34d86a2806f1fb74d55d8e911e14505d3620628a37b9abaebf31ee814b6a64ed\"}"},{"dataType":"ValueEntry","value":"{\"_name\":\"sdkToolchainsComponentVersion\",\"_value\":\"6.0.1.112\",\"_valueType\":\"string\",\"_hash\":\"5aa04930935ab81a2525ddd8dd7e27de2015f382963088d7b7f782ee65d60781\"}"},{"dataType":"ValueEntry","value":"{\"_name\":\"sourceRoots\",\"_value\":true,\"_valueType\":\"boolean\",\"_hash\":\"09f6b4afb8ee03e299b12d3d2d17163933dca5fed9db3a9d0bc0694a7c1a8ff8\"}"},{"dataType":"ValueEntry","value":"{\"_name\":\"targetStatusCode\",\"_value\":2,\"_valueType\":\"number\",\"_hash\":\"6946489f2257d736396b7b570077542aef0edefbcd7f8686c6020a2a9d5530fa\"}"},{"dataType":"ValueEntry","value":"{\"_name\":\"transformLib\",\"_value\":\"\",\"_valueType\":\"string\",\"_hash\":\"e290891c0838ca6470020dcf292833f2588221dca1a7fa6af21969fb642d4e6d\"}"},{"dataType":"ValueEntry","value":"{\"_name\":\"useNormalizedOHMUrl\",\"_value\":true,\"_valueType\":\"boolean\",\"_hash\":\"0224eeca0e5401fc0c653dbed2bab63ff91b2d1c8e23719fbab4e11e695311d9\"}"}],"_successful":true,"_projectName":"rentRoom-master","_moduleName":"entry","_taskName":"default@PreBuild","_key":":rentRoom-master:entry:default@PreBuild","_executionId":":rentRoom-master:entry:default@PreBuild:1764997516267","_inputFiles":{"dataType":"Map","value":[["C:\\Users\\fl\\Desktop\\rentRoom-master\\AppScope\\app.json5",{"isDirectory":false,"fileSnapShotHashValue":"0d1b6f0da802222c06462549c60dcae733d8f644423e8bca9de9cf62a2f31366"}],["C:\\Users\\fl\\Desktop\\rentRoom-master\\entry\\src\\main\\module.json5",{"isDirectory":false,"fileSnapShotHashValue":"e3f7f9eafe4ee2096af1370ab0393c1e35555589933b39794c8cf68f6007de77"}],["C:\\Users\\fl\\Desktop\\rentRoom-master\\build-profile.json5",{"fileSnapShotHashValue":"8f1cf6c8447e21171d21a98a1bec73726d047b61e0e1390ed6dad999e7c44a59"}],["C:\\Users\\fl\\Desktop\\rentRoom-master\\entry\\build-profile.json5",{"fileSnapShotHashValue":"6db03c28dfb300dc9e1b90b1c6b47d5c458c423abe157d64a9cdc5557a5fe2f2"}],["C:\\Users\\fl\\Desktop\\rentRoom-master\\entry\\src\\main\\resources\\base\\profile\\main_pages.json",{"fileSnapShotHashValue":"e7af83e16f0555ac292e0993d441780ea7a7e0fc325202743aea895a6d466bdd"}],["C:\\Users\\fl\\Desktop\\rentRoom-master\\hvigor\\hvigor-config.json5",{"isDirectory":true,"fileSnapShotHashValue":"fcba9e9f0ddf104d1aa1e8c821a333d7a46c3c8fbd5e0d500c053b627ee78b43"}],["C:\\Users\\fl\\Desktop\\rentRoom-master\\entry\\src\\mock\\mock-config.json5",{"isDirectory":false,"fileSnapShotHashValue":"8469e6ee94bc5491121217357516ccd83c3938a6cc348475d43cec228aec69c8"}],["C:\\Users\\fl\\Desktop\\rentRoom-master\\entry\\oh-package.json5",{"fileSnapShotHashValue":"a8131e489af5085e1797d84f0144b6edf7495dab37b995632e28ec9dfbc99130"}],["C:\\Users\\fl\\Desktop\\rentRoom-master\\oh-package.json5",{"fileSnapShotHashValue":"6a69a94f8f47bbd6a8d804739bb0f5f2f9a3a1dde94bbfa8f7885e08697cd410"}]]},"_outputFiles":{"dataType":"Map","value":[]}},":rentRoom-master:entry:default@CreateModuleInfo":{"_inputs":[{"dataType":"ValueEntry","value":"{\"_name\":\"ohosUiTransformOptimization\",\"_value\":false,\"_valueType\":\"boolean\"}"},{"dataType":"ValueEntry","value":"{\"_name\":\"BUILTIN_TASK_COMMAND\",\"_value\":\"\",\"_valueType\":\"string\"}"},{"dataType":"ValueEntry","value":"{\"_name\":\"BUILTIN_TASK_TOOLCHAIN\",\"_value\":\"\",\"_valueType\":\"string\"}"},{"dataType":"ValueEntry","value":"{\"_name\":\"BUILTIN_TASK_ENV\",\"_value\":\"\",\"_valueType\":\"string\"}"}],"_successful":false,"_projectName":"rentRoom-master","_moduleName":"entry","_taskName":"default@CreateModuleInfo","_key":":rentRoom-master:entry:default@CreateModuleInfo","_executionId":":rentRoom-master:entry:default@CreateModuleInfo:1765019704447","_inputFiles":{"dataType":"Map","value":[]},"_outputFiles":{"dataType":"Map","value":[["C:\\Users\\fl\\Desktop\\rentRoom-master\\entry\\build\\default\\generated\\profile\\default\\ModuleInfo.ts",{"isDirectory":false,"fileSnapShotHashValue":""}]]}},":rentRoom-master:entry:default@GenerateMetadata":{"_inputs":[{"dataType":"ValueEntry","value":"{\"_name\":\"BUILTIN_TASK_COMMAND\",\"_value\":\"\",\"_valueType\":\"string\",\"_hash\":\"6c1049eece256c5ecd9a72bb60d260f5eaa0c767e9261531c19a2711a4384caa\"}"},{"dataType":"ValueEntry","value":"{\"_name\":\"BUILTIN_TASK_ENV\",\"_value\":\"\",\"_valueType\":\"string\",\"_hash\":\"fab23d53b4bed861bede91aa55abd54ccbb48f2366122ec79fa9d6a917cab83a\"}"},{"dataType":"ValueEntry","value":"{\"_name\":\"BUILTIN_TASK_TOOLCHAIN\",\"_value\":\"\",\"_valueType\":\"string\",\"_hash\":\"f354d8b3443da1d086e3f8d488045965d1abb7d86e6d7602e63c46d85ae85454\"}"},{"dataType":"ValueEntry","value":"{\"_name\":\"artifactName\",\"_value\":\"\",\"_valueType\":\"string\",\"_hash\":\"83695c4a9aeeecff80241c7739fb4858fbd92eee38a63a48e9abc62df8327edb\"}"},{"dataType":"ValueEntry","value":"{\"_name\":\"isSigned\",\"_value\":false,\"_valueType\":\"boolean\",\"_hash\":\"049b5033138d5af3ba0f2b57ef67b23b56dc83fa0d41843418bae22b2df6770b\"}"},{"dataType":"ValueEntry","value":"{\"_name\":\"relatedEntryModules\",\"_value\":\"\",\"_valueType\":\"string\",\"_hash\":\"72c4b1665c5896b02fa9b3f992e3ce78eefc5d0a7a14e5c60fd74172282780ff\"}"},{"dataType":"ValueEntry","value":"{\"_name\":\"remoteHspMetaData\",\"_value\":\"\",\"_valueType\":\"string\",\"_hash\":\"a5bfa161987bd54bfe3921d933d3ab72f30023b9433005ef1e57f1715c4d2176\"}"},{"dataType":"ValueEntry","value":"{\"_name\":\"targetDeviceType\",\"_value\":[\"phone\",\"tablet\",\"2in1\"],\"_valueType\":\"object\",\"_hash\":\"e7edc3946e53877229e47f2264b4344d7944da5cb4224ba7ee232a3b5a9c926e\"}"}],"_successful":true,"_projectName":"rentRoom-master","_moduleName":"entry","_taskName":"default@GenerateMetadata","_key":":rentRoom-master:entry:default@GenerateMetadata","_executionId":":rentRoom-master:entry:default@GenerateMetadata:1764997578922","_inputFiles":{"dataType":"Map","value":[["C:\\Users\\fl\\Desktop\\rentRoom-master\\entry\\src\\main\\module.json5",{"fileSnapShotHashValue":"e3f7f9eafe4ee2096af1370ab0393c1e35555589933b39794c8cf68f6007de77"}]]},"_outputFiles":{"dataType":"Map","value":[["C:\\Users\\fl\\Desktop\\rentRoom-master\\entry\\build\\default\\intermediates\\hap_metadata\\default\\output_metadata.json",{"fileSnapShotHashValue":"4c775f8f489234f14227f536a428beb3b0a5baf2321948fa77d64328e9985688"}]]}},":rentRoom-master:entry:default@MergeProfile":{"_inputs":[{"dataType":"ValueEntry","value":"{\"_name\":\"BUILTIN_TASK_COMMAND\",\"_value\":\"\",\"_valueType\":\"string\",\"_hash\":\"6c1049eece256c5ecd9a72bb60d260f5eaa0c767e9261531c19a2711a4384caa\"}"},{"dataType":"ValueEntry","value":"{\"_name\":\"BUILTIN_TASK_ENV\",\"_value\":\"\",\"_valueType\":\"string\",\"_hash\":\"fab23d53b4bed861bede91aa55abd54ccbb48f2366122ec79fa9d6a917cab83a\"}"},{"dataType":"ValueEntry","value":"{\"_name\":\"BUILTIN_TASK_TOOLCHAIN\",\"_value\":\"\",\"_valueType\":\"string\",\"_hash\":\"f354d8b3443da1d086e3f8d488045965d1abb7d86e6d7602e63c46d85ae85454\"}"},{"dataType":"ValueEntry","value":"{\"_name\":\"appJsonOpt\",\"_value\":\"{\\\"app\\\":{\\\"bundleName\\\":\\\"com.example.rentroom\\\",\\\"vendor\\\":\\\"example\\\",\\\"versionCode\\\":1000000,\\\"versionName\\\":\\\"1.0.0\\\",\\\"icon\\\":\\\"$media:app_icon\\\",\\\"label\\\":\\\"$string:app_name\\\"}}\",\"_valueType\":\"string\",\"_hash\":\"ddcb70efdeead2334677d18fc5f8ce13f476ad56c86c210baf9e0c422de08157\"}"},{"dataType":"ValueEntry","value":"{\"_name\":\"asanEnable\",\"_value\":false,\"_valueType\":\"boolean\",\"_hash\":\"5de58ee96d39449ca7f885eeee57df5a760e34739a5248ac20e31818d201489d\"}"},{"dataType":"ValueEntry","value":"{\"_name\":\"buildProfileAbilities\",\"_valueType\":\"undefined\",\"_hash\":\"1b37f4c5d5e5e2c6096b0545d5c31b5bf64f747075a5e3c85f050e9e4079664b\"}"},{"dataType":"ValueEntry","value":"{\"_name\":\"buildRoot\",\"_value\":\"build\",\"_valueType\":\"string\",\"_hash\":\"57bdd28a519c384eec33006ccb97c870b2af8357499f1588cd8aacb47fc8884d\"}"},{"dataType":"ValueEntry","value":"{\"_name\":\"compatibleSdkVersion\",\"_value\":12,\"_valueType\":\"number\",\"_hash\":\"0483df92e8ea8f540a8c7aece5f2f53d8414d672e000c369fd521e6f3687de51\"}"},{"dataType":"ValueEntry","value":"{\"_name\":\"hwasanEnable\",\"_value\":false,\"_valueType\":\"boolean\",\"_hash\":\"f8bd6c4afae917a91bd141551210297e8a9b68ab5fb0adf6880673768a5ed7c6\"}"},{"dataType":"ValueEntry","value":"{\"_name\":\"includeAppScopeRes\",\"_value\":\"\",\"_valueType\":\"string\",\"_hash\":\"3c2a9052be609669b88b444d06b45b9cd9aa9bdbc5c549cf890a3bd37fc58d60\"}"},{"dataType":"ValueEntry","value":"{\"_name\":\"integratedHsp\",\"_value\":false,\"_valueType\":\"boolean\",\"_hash\":\"ab7ebc56ff53ba733fc5e60a1c0e16725afa0b21d0966f7b50cce78a02e48d74\"}"},{"dataType":"ValueEntry","value":"{\"_name\":\"isBundledDependencies\",\"_value\":false,\"_valueType\":\"boolean\",\"_hash\":\"2a22b42a8504b32b68a8cc4173a9e266e6540a9372bf6553176105f698c20dc2\"}"},{"dataType":"ValueEntry","value":"{\"_name\":\"isDebug\",\"_value\":true,\"_valueType\":\"boolean\",\"_hash\":\"3a45940aa78d73204cdc3177ffe70a15eb93b11c64cbef458f919e1b86a6ec6e\"}"},{"dataType":"ValueEntry","value":"{\"_name\":\"isHarModule\",\"_value\":false,\"_valueType\":\"boolean\",\"_hash\":\"bc6aa6a015fd1e648c9c5e447449ece707a678e12fba08771f90ddfe134af3f0\"}"},{"dataType":"ValueEntry","value":"{\"_name\":\"moduleJsonOpt\",\"_value\":\"{\\\"module\\\":{\\\"name\\\":\\\"entry\\\",\\\"type\\\":\\\"entry\\\",\\\"description\\\":\\\"$string:module_desc\\\",\\\"mainElement\\\":\\\"EntryAbility\\\",\\\"deviceTypes\\\":[\\\"phone\\\",\\\"tablet\\\",\\\"2in1\\\"],\\\"deliveryWithInstall\\\":true,\\\"installationFree\\\":false,\\\"pages\\\":\\\"$profile:main_pages\\\",\\\"abilities\\\":[{\\\"name\\\":\\\"EntryAbility\\\",\\\"srcEntry\\\":\\\"./ets/entryability/EntryAbility.ets\\\",\\\"description\\\":\\\"$string:EntryAbility_desc\\\",\\\"icon\\\":\\\"$media:layered_image\\\",\\\"label\\\":\\\"$string:EntryAbility_label\\\",\\\"startWindowIcon\\\":\\\"$media:startIcon\\\",\\\"startWindowBackground\\\":\\\"$color:start_window_background\\\",\\\"exported\\\":true,\\\"skills\\\":[{\\\"entities\\\":[\\\"entity.system.home\\\"],\\\"actions\\\":[\\\"action.system.home\\\"]}]}],\\\"extensionAbilities\\\":[{\\\"name\\\":\\\"EntryBackupAbility\\\",\\\"srcEntry\\\":\\\"./ets/entrybackupability/EntryBackupAbility.ets\\\",\\\"type\\\":\\\"backup\\\",\\\"exported\\\":false,\\\"metadata\\\":[{\\\"name\\\":\\\"ohos.extension.backup\\\",\\\"resource\\\":\\\"$profile:backup_config\\\"}]}],\\\"requestPermissions\\\":[{\\\"name\\\":\\\"ohos.permission.INTERNET\\\"}]}}\",\"_valueType\":\"string\",\"_hash\":\"b75dbfeadfd2519911d816c737951a5fa76c08feaf1d0e05a8a0b7afe7d30873\"}"},{"dataType":"ValueEntry","value":"{\"_name\":\"multiProjects\",\"_value\":false,\"_valueType\":\"boolean\",\"_hash\":\"dea8161c1a034ab86a9348c01dfdc4626089c413501f5016bc4be71f6214747b\"}"},{"dataType":"ValueEntry","value":"{\"_name\":\"ohLibs\",\"_value\":[\"C:\\\\Users\\\\fl\\\\Desktop\\\\rentRoom-master\\\\oh_modules\\\\.ohpm\\\\@ohos+axios@2.2.3\\\\oh_modules\\\\@ohos\\\\axios\\\\src\\\\main\\\\module.json\"],\"_valueType\":\"object\",\"_hash\":\"2869daf8b6037d46484cfb3bfe1dfafc50c5001ba88602412e4d092d4920ab52\"}"},{"dataType":"ValueEntry","value":"{\"_name\":\"packageName\",\"_value\":\"entry\",\"_valueType\":\"string\",\"_hash\":\"2d02010f87ac0c4b88be91ac58b940c03eada62489017432aebd339464bf633a\"}"},{"dataType":"ValueEntry","value":"{\"_name\":\"projectConfigAppOpt\",\"_valueType\":\"undefined\",\"_hash\":\"690bf99bac27c7294cc7056baecf9d1f5996393f344fda6ad83f08f971cfc658\"}"},{"dataType":"ValueEntry","value":"{\"_name\":\"releaseType\",\"_value\":\"Release\",\"_valueType\":\"string\",\"_hash\":\"f9d0b6fb1c4b29b9f08a909bbe00e8b5aa50d5eaf9eb1d05491d02351d827df1\"}"},{"dataType":"ValueEntry","value":"{\"_name\":\"removePermissions\",\"_valueType\":\"undefined\",\"_hash\":\"68ce79e87f7bc97a0e03070101e01e1b68b101f52b35a57fde4a1b321be3bdde\"}"},{"dataType":"ValueEntry","value":"{\"_name\":\"targetSdkVersion\",\"_value\":21,\"_valueType\":\"number\",\"_hash\":\"d66a831efa5064d04b7ffc61b4c4af4813d985ad30b903dae2bd65649965b68d\"}"},{"dataType":"ValueEntry","value":"{\"_name\":\"tsanEnable\",\"_value\":false,\"_valueType\":\"boolean\",\"_hash\":\"4a39a3fadc194c5ff71505bb8da8930c39fe534c877674936b5fa82a4d0c2229\"}"},{"dataType":"ValueEntry","value":"{\"_name\":\"ubsanEnable\",\"_value\":false,\"_valueType\":\"boolean\",\"_hash\":\"b7f8b201242d9c1e5fe6ef2f7faa4fddf88b1072d6bdbbac7f3e0841ecaf8a6f\"}"}],"_successful":true,"_projectName":"rentRoom-master","_moduleName":"entry","_taskName":"default@MergeProfile","_key":":rentRoom-master:entry:default@MergeProfile","_executionId":":rentRoom-master:entry:default@MergeProfile:1764997578935","_inputFiles":{"dataType":"Map","value":[["C:\\Users\\fl\\Desktop\\rentRoom-master\\AppScope\\app.json5",{"fileSnapShotHashValue":"0d1b6f0da802222c06462549c60dcae733d8f644423e8bca9de9cf62a2f31366"}],["C:\\Users\\fl\\Desktop\\rentRoom-master\\build-profile.json5",{"fileSnapShotHashValue":"8f1cf6c8447e21171d21a98a1bec73726d047b61e0e1390ed6dad999e7c44a59"}],["C:\\Users\\fl\\Desktop\\rentRoom-master\\entry\\src\\main\\module.json5",{"fileSnapShotHashValue":"e3f7f9eafe4ee2096af1370ab0393c1e35555589933b39794c8cf68f6007de77"}],["C:\\Users\\fl\\Desktop\\rentRoom-master\\oh_modules\\.ohpm\\@ohos+axios@2.2.3\\oh_modules\\@ohos\\axios\\src\\main\\module.json",{"fileSnapShotHashValue":"42dda19323f23107f3b4947e62472af762e87bc28e971b80534d3fc019c72d2a"}]]},"_outputFiles":{"dataType":"Map","value":[["C:\\Users\\fl\\Desktop\\rentRoom-master\\entry\\build\\default\\intermediates\\merge_profile\\default\\module.json",{"fileSnapShotHashValue":"ec565a51636b8d4ff200733db6427761a7bfe587011b36a8d23dc84e0f98b4af"}]]}},":rentRoom-master:entry:default@CreateBuildProfile":{"_inputs":[{"dataType":"ValueEntry","value":"{\"_name\":\"BUILTIN_TASK_COMMAND\",\"_value\":\"\",\"_valueType\":\"string\",\"_hash\":\"6c1049eece256c5ecd9a72bb60d260f5eaa0c767e9261531c19a2711a4384caa\"}"},{"dataType":"ValueEntry","value":"{\"_name\":\"BUILTIN_TASK_ENV\",\"_value\":\"\",\"_valueType\":\"string\",\"_hash\":\"fab23d53b4bed861bede91aa55abd54ccbb48f2366122ec79fa9d6a917cab83a\"}"},{"dataType":"ValueEntry","value":"{\"_name\":\"BUILTIN_TASK_TOOLCHAIN\",\"_value\":\"\",\"_valueType\":\"string\",\"_hash\":\"f354d8b3443da1d086e3f8d488045965d1abb7d86e6d7602e63c46d85ae85454\"}"},{"dataType":"ValueEntry","value":"{\"_name\":\"buildMode\",\"_value\":\"Debug\",\"_valueType\":\"string\",\"_hash\":\"e5ca4ddaac7575fd86f22541aff1adda5124dfd5735cfbc8d69a5813341024a2\"}"},{"dataType":"ValueEntry","value":"{\"_name\":\"buildModeName\",\"_value\":\"debug\",\"_valueType\":\"string\",\"_hash\":\"eed88fbd50af6d038f129b1446ece3710f8c3d0a5302679a6fb87ad47253410a\"}"},{"dataType":"ValueEntry","value":"{\"_name\":\"buildProfileFields\",\"_value\":\"\",\"_valueType\":\"string\",\"_hash\":\"c045d039f2ef60e781c590cc5f82f3d6d7f97bbb3b5af5252b100ace8eb332bf\"}"},{"dataType":"ValueEntry","value":"{\"_name\":\"projectOhosConfigAppOpt\",\"_value\":\"\",\"_valueType\":\"string\",\"_hash\":\"31886fe858c1eb45b5d680c019a12d2bebebf813093c3583804d179ae701c5c3\"}"}],"_successful":true,"_projectName":"rentRoom-master","_moduleName":"entry","_taskName":"default@CreateBuildProfile","_key":":rentRoom-master:entry:default@CreateBuildProfile","_executionId":":rentRoom-master:entry:default@CreateBuildProfile:1764997578958","_inputFiles":{"dataType":"Map","value":[["C:\\Users\\fl\\Desktop\\rentRoom-master\\AppScope\\app.json5",{"fileSnapShotHashValue":"0d1b6f0da802222c06462549c60dcae733d8f644423e8bca9de9cf62a2f31366"}],["C:\\Users\\fl\\Desktop\\rentRoom-master\\build-profile.json5",{"fileSnapShotHashValue":"8f1cf6c8447e21171d21a98a1bec73726d047b61e0e1390ed6dad999e7c44a59"}]]},"_outputFiles":{"dataType":"Map","value":[["C:\\Users\\fl\\Desktop\\rentRoom-master\\entry\\build\\default\\generated\\profile\\default\\BuildProfile.ets",{"fileSnapShotHashValue":"981744c64f36306aaf6500aa0bd8e5932632386b5d70c24d83d03485e6d53cde"}]]}},":rentRoom-master:entry:default@GeneratePkgContextInfo":{"_inputs":[{"dataType":"ValueEntry","value":"{\"_name\":\"BUILTIN_TASK_COMMAND\",\"_value\":\"\",\"_valueType\":\"string\",\"_hash\":\"6c1049eece256c5ecd9a72bb60d260f5eaa0c767e9261531c19a2711a4384caa\"}"},{"dataType":"ValueEntry","value":"{\"_name\":\"BUILTIN_TASK_ENV\",\"_value\":\"\",\"_valueType\":\"string\",\"_hash\":\"fab23d53b4bed861bede91aa55abd54ccbb48f2366122ec79fa9d6a917cab83a\"}"},{"dataType":"ValueEntry","value":"{\"_name\":\"BUILTIN_TASK_TOOLCHAIN\",\"_value\":\"\",\"_valueType\":\"string\",\"_hash\":\"f354d8b3443da1d086e3f8d488045965d1abb7d86e6d7602e63c46d85ae85454\"}"},{"dataType":"ValueEntry","value":"{\"_name\":\"pkgContextInfoMap\",\"_value\":\"{\\\"@ohos/axios\\\":{\\\"packageName\\\":\\\"@ohos/axios\\\",\\\"bundleName\\\":\\\"\\\",\\\"moduleName\\\":\\\"\\\",\\\"version\\\":\\\"2.2.3\\\",\\\"entryPath\\\":\\\"index.js\\\",\\\"isSO\\\":false,\\\"dependencyAlias\\\":\\\"\\\"},\\\"@ohos/hypium\\\":{\\\"packageName\\\":\\\"@ohos/hypium\\\",\\\"bundleName\\\":\\\"\\\",\\\"moduleName\\\":\\\"\\\",\\\"version\\\":\\\"1.0.19\\\",\\\"entryPath\\\":\\\"index.js\\\",\\\"isSO\\\":false,\\\"dependencyAlias\\\":\\\"\\\"},\\\"@ohos/hamock\\\":{\\\"packageName\\\":\\\"@ohos/hamock\\\",\\\"bundleName\\\":\\\"\\\",\\\"moduleName\\\":\\\"\\\",\\\"version\\\":\\\"1.0.0\\\",\\\"entryPath\\\":\\\"index.ets\\\",\\\"isSO\\\":false,\\\"dependencyAlias\\\":\\\"\\\"},\\\"entry\\\":{\\\"packageName\\\":\\\"entry\\\",\\\"bundleName\\\":\\\"\\\",\\\"moduleName\\\":\\\"\\\",\\\"version\\\":\\\"\\\",\\\"entryPath\\\":\\\"src/main/\\\",\\\"isSO\\\":false,\\\"dependencyAlias\\\":\\\"\\\"}}\",\"_valueType\":\"string\",\"_hash\":\"968c653aa634750b05ae6369dfa77f7ede6b26ed0c75698bbab12121909fdd98\"}"},{"dataType":"ValueEntry","value":"{\"_name\":\"useNormalizedOHMUrl\",\"_value\":true,\"_valueType\":\"boolean\",\"_hash\":\"0224eeca0e5401fc0c653dbed2bab63ff91b2d1c8e23719fbab4e11e695311d9\"}"}],"_successful":true,"_projectName":"rentRoom-master","_moduleName":"entry","_taskName":"default@GeneratePkgContextInfo","_key":":rentRoom-master:entry:default@GeneratePkgContextInfo","_executionId":":rentRoom-master:entry:default@GeneratePkgContextInfo:1764997578974","_inputFiles":{"dataType":"Map","value":[]},"_outputFiles":{"dataType":"Map","value":[["C:\\Users\\fl\\Desktop\\rentRoom-master\\entry\\build\\default\\intermediates\\loader\\default\\pkgContextInfo.json",{"isDirectory":false,"fileSnapShotHashValue":"fcfe1a7ea380c32a535dd5b8d8a8a2308948cdafdca273e1de960b7cdf29c952"}]]}},":rentRoom-master:entry:default@ProcessIntegratedHsp":{"_inputs":[{"dataType":"ValueEntry","value":"{\"_name\":\"bundleName\",\"_value\":\"com.example.rentroom\",\"_valueType\":\"string\"}"},{"dataType":"ValueEntry","value":"{\"_name\":\"versionCode\",\"_value\":1000000,\"_valueType\":\"number\"}"},{"dataType":"ValueEntry","value":"{\"_name\":\"BUILTIN_TASK_COMMAND\",\"_value\":\"\",\"_valueType\":\"string\"}"},{"dataType":"ValueEntry","value":"{\"_name\":\"BUILTIN_TASK_TOOLCHAIN\",\"_value\":\"\",\"_valueType\":\"string\"}"},{"dataType":"ValueEntry","value":"{\"_name\":\"BUILTIN_TASK_ENV\",\"_value\":\"\",\"_valueType\":\"string\"}"}],"_successful":true,"_projectName":"rentRoom-master","_moduleName":"entry","_taskName":"default@ProcessIntegratedHsp","_key":":rentRoom-master:entry:default@ProcessIntegratedHsp","_executionId":":rentRoom-master:entry:default@ProcessIntegratedHsp:1765019704469","_inputFiles":{"dataType":"Map","value":[]},"_outputFiles":{"dataType":"Map","value":[["C:\\Users\\fl\\Desktop\\rentRoom-master\\build\\cache\\default\\integrated_hsp\\integratedHspCache.json",{"isDirectory":false,"fileSnapShotHashValue":""}]]}},":rentRoom-master:entry:default@MakePackInfo":{"_inputs":[{"dataType":"ValueEntry","value":"{\"_name\":\"BUILTIN_TASK_COMMAND\",\"_value\":\"\",\"_valueType\":\"string\",\"_hash\":\"6c1049eece256c5ecd9a72bb60d260f5eaa0c767e9261531c19a2711a4384caa\"}"},{"dataType":"ValueEntry","value":"{\"_name\":\"BUILTIN_TASK_ENV\",\"_value\":\"\",\"_valueType\":\"string\",\"_hash\":\"fab23d53b4bed861bede91aa55abd54ccbb48f2366122ec79fa9d6a917cab83a\"}"},{"dataType":"ValueEntry","value":"{\"_name\":\"BUILTIN_TASK_TOOLCHAIN\",\"_value\":\"\",\"_valueType\":\"string\",\"_hash\":\"f354d8b3443da1d086e3f8d488045965d1abb7d86e6d7602e63c46d85ae85454\"}"},{"dataType":"ValueEntry","value":"{\"_name\":\"appResOpt\",\"_value\":\"{\\\"app\\\":{\\\"bundleName\\\":\\\"com.example.rentroom\\\",\\\"vendor\\\":\\\"example\\\",\\\"versionCode\\\":1000000,\\\"versionName\\\":\\\"1.0.0\\\",\\\"icon\\\":\\\"$media:app_icon\\\",\\\"label\\\":\\\"$string:app_name\\\"}}\",\"_valueType\":\"string\",\"_hash\":\"87a3ac6adae0d9937f9bf932877ef55bece31dbba2b46c6fcc086eedefa51493\"}"},{"dataType":"ValueEntry","value":"{\"_name\":\"compatibleSdkVersion\",\"_value\":12,\"_valueType\":\"number\",\"_hash\":\"0483df92e8ea8f540a8c7aece5f2f53d8414d672e000c369fd521e6f3687de51\"}"},{"dataType":"ValueEntry","value":"{\"_name\":\"compileSdkVersion\",\"_value\":21,\"_valueType\":\"number\",\"_hash\":\"afed48637822e116d0c98dd24d0955b76d9c6857b48abebbad24ee85eff9a07f\"}"},{"dataType":"ValueEntry","value":"{\"_name\":\"deviceTypes\",\"_value\":[\"phone\",\"tablet\",\"2in1\"],\"_valueType\":\"object\",\"_hash\":\"5a50e5ad20f3f45f116527bfe3cab5f7f3f745b6986d1905e10efff642066060\"}"},{"dataType":"ValueEntry","value":"{\"_name\":\"integratedHsp\",\"_value\":false,\"_valueType\":\"boolean\",\"_hash\":\"ab7ebc56ff53ba733fc5e60a1c0e16725afa0b21d0966f7b50cce78a02e48d74\"}"},{"dataType":"ValueEntry","value":"{\"_name\":\"moduleJsonOpt\",\"_value\":\"{\\\"module\\\":{\\\"name\\\":\\\"entry\\\",\\\"type\\\":\\\"entry\\\",\\\"description\\\":\\\"$string:module_desc\\\",\\\"mainElement\\\":\\\"EntryAbility\\\",\\\"deviceTypes\\\":[\\\"phone\\\",\\\"tablet\\\",\\\"2in1\\\"],\\\"deliveryWithInstall\\\":true,\\\"pages\\\":\\\"$profile:main_pages\\\",\\\"abilities\\\":[{\\\"name\\\":\\\"EntryAbility\\\",\\\"srcEntry\\\":\\\"./ets/entryability/EntryAbility.ets\\\",\\\"description\\\":\\\"$string:EntryAbility_desc\\\",\\\"icon\\\":\\\"$media:layered_image\\\",\\\"label\\\":\\\"$string:EntryAbility_label\\\",\\\"startWindowIcon\\\":\\\"$media:startIcon\\\",\\\"startWindowBackground\\\":\\\"$color:start_window_background\\\",\\\"exported\\\":true,\\\"skills\\\":[{\\\"entities\\\":[\\\"entity.system.home\\\"],\\\"actions\\\":[\\\"action.system.home\\\"]}]}],\\\"extensionAbilities\\\":[{\\\"name\\\":\\\"EntryBackupAbility\\\",\\\"srcEntry\\\":\\\"./ets/entrybackupability/EntryBackupAbility.ets\\\",\\\"type\\\":\\\"backup\\\",\\\"exported\\\":false,\\\"metadata\\\":[{\\\"name\\\":\\\"ohos.extension.backup\\\",\\\"resource\\\":\\\"$profile:backup_config\\\"}]}],\\\"requestPermissions\\\":[{\\\"name\\\":\\\"ohos.permission.INTERNET\\\"}]}}\",\"_valueType\":\"string\",\"_hash\":\"cd5f5b1c6c255ed17eee698c818ee12f1452e0746fc39d6d4170c0db375bf710\"}"},{"dataType":"ValueEntry","value":"{\"_name\":\"projectConfigAppOpt\",\"_valueType\":\"undefined\",\"_hash\":\"690bf99bac27c7294cc7056baecf9d1f5996393f344fda6ad83f08f971cfc658\"}"},{"dataType":"ValueEntry","value":"{\"_name\":\"releaseType\",\"_value\":\"Release\",\"_valueType\":\"string\",\"_hash\":\"f9d0b6fb1c4b29b9f08a909bbe00e8b5aa50d5eaf9eb1d05491d02351d827df1\"}"}],"_successful":true,"_projectName":"rentRoom-master","_moduleName":"entry","_taskName":"default@MakePackInfo","_key":":rentRoom-master:entry:default@MakePackInfo","_executionId":":rentRoom-master:entry:default@MakePackInfo:1764997578986","_inputFiles":{"dataType":"Map","value":[["C:\\Users\\fl\\Desktop\\rentRoom-master\\AppScope\\app.json5",{"fileSnapShotHashValue":"0d1b6f0da802222c06462549c60dcae733d8f644423e8bca9de9cf62a2f31366"}],["C:\\Users\\fl\\Desktop\\rentRoom-master\\entry\\src\\main\\module.json5",{"fileSnapShotHashValue":"e3f7f9eafe4ee2096af1370ab0393c1e35555589933b39794c8cf68f6007de77"}],["C:\\Users\\fl\\Desktop\\rentRoom-master\\build-profile.json5",{"fileSnapShotHashValue":"8f1cf6c8447e21171d21a98a1bec73726d047b61e0e1390ed6dad999e7c44a59"}],["C:\\Users\\fl\\Desktop\\rentRoom-master\\entry\\src\\main\\resources\\base\\profile\\backup_config.json",{"fileSnapShotHashValue":"f3aa345936c45be0250784e2ef6b70ff9eeed04f469ca5c377a72b808121bc86"}]]},"_outputFiles":{"dataType":"Map","value":[["C:\\Users\\fl\\Desktop\\rentRoom-master\\entry\\build\\default\\outputs\\default\\pack.info",{"fileSnapShotHashValue":"f56d2726ade0111336dd57e1c10b3f7aff3c5716d9f8166a48b202fbb314db01"}]]}},":rentRoom-master:entry:default@SyscapTransform":{"_inputs":[{"dataType":"ValueEntry","value":"{\"_name\":\"deviceTypes\",\"_value\":[\"phone\",\"tablet\",\"2in1\"],\"_valueType\":\"object\"}"},{"dataType":"ValueEntry","value":"{\"_name\":\"BUILTIN_TASK_COMMAND\",\"_value\":\"\",\"_valueType\":\"string\"}"},{"dataType":"ValueEntry","value":"{\"_name\":\"BUILTIN_TASK_TOOLCHAIN\",\"_value\":\"\",\"_valueType\":\"string\"}"},{"dataType":"ValueEntry","value":"{\"_name\":\"BUILTIN_TASK_ENV\",\"_value\":\"\",\"_valueType\":\"string\"}"}],"_successful":true,"_projectName":"rentRoom-master","_moduleName":"entry","_taskName":"default@SyscapTransform","_key":":rentRoom-master:entry:default@SyscapTransform","_executionId":":rentRoom-master:entry:default@SyscapTransform:1765019704480","_inputFiles":{"dataType":"Map","value":[["D:\\huaweiIDE\\DevEco Studio\\sdk\\default\\openharmony\\toolchains\\syscap_tool.exe",{"fileSnapShotHashValue":"45001c0a1ac77aaf28c1876538ac9b22bd4d8162a33031b72e1696cd39d14faf"}],["D:\\huaweiIDE\\DevEco Studio\\sdk\\default\\openharmony\\ets\\api\\device-define",{"fileSnapShotHashValue":"bdf015d6f126124e71994ca5eb1d74f4f950f2e837ac24dde956cb4bd1e490b3"}]]},"_outputFiles":{"dataType":"Map","value":[["C:\\Users\\fl\\Desktop\\rentRoom-master\\entry\\build\\default\\intermediates\\syscap\\default\\rpcid.sc",{"fileSnapShotHashValue":""}]]}},":rentRoom-master:entry:default@ProcessProfile":{"_inputs":[{"dataType":"ValueEntry","value":"{\"_name\":\"BUILTIN_TASK_COMMAND\",\"_value\":\"\",\"_valueType\":\"string\",\"_hash\":\"6c1049eece256c5ecd9a72bb60d260f5eaa0c767e9261531c19a2711a4384caa\"}"},{"dataType":"ValueEntry","value":"{\"_name\":\"BUILTIN_TASK_ENV\",\"_value\":\"\",\"_valueType\":\"string\",\"_hash\":\"fab23d53b4bed861bede91aa55abd54ccbb48f2366122ec79fa9d6a917cab83a\"}"},{"dataType":"ValueEntry","value":"{\"_name\":\"BUILTIN_TASK_TOOLCHAIN\",\"_value\":\"\",\"_valueType\":\"string\",\"_hash\":\"f354d8b3443da1d086e3f8d488045965d1abb7d86e6d7602e63c46d85ae85454\"}"},{"dataType":"ValueEntry","value":"{\"_name\":\"arkEnable\",\"_value\":true,\"_valueType\":\"boolean\",\"_hash\":\"7b9b15dd1b9fc3e86436218773a6dc9dc99032a90912d6a5212068ffccdf88eb\"}"},{"dataType":"ValueEntry","value":"{\"_name\":\"compatibleSdkVersionStage\",\"_value\":\"beta1\",\"_valueType\":\"string\",\"_hash\":\"dcb64e353fbf1e4f1d2a7e92558cda2355a4a8c7dfc17b5764ec81a2d75f2e6f\"}"},{"dataType":"ValueEntry","value":"{\"_name\":\"compileMode\",\"_value\":\"esmodule\",\"_valueType\":\"string\",\"_hash\":\"b252a618b764d3a16946606383b78d4fb15c248889fa7eeaeaf03053cb658f5a\"}"},{"dataType":"ValueEntry","value":"{\"_name\":\"dependency\",\"_value\":\"[]\",\"_valueType\":\"string\",\"_hash\":\"9d1613100177e076da7529c27f37d83c55cc84cdbf3ea8ed9c413dfeab139615\"}"},{"dataType":"ValueEntry","value":"{\"_name\":\"deviceTypes\",\"_value\":[\"phone\",\"tablet\",\"2in1\"],\"_valueType\":\"object\",\"_hash\":\"5a50e5ad20f3f45f116527bfe3cab5f7f3f745b6986d1905e10efff642066060\"}"},{"dataType":"ValueEntry","value":"{\"_name\":\"harExcludeHSPDependencies\",\"_valueType\":\"undefined\",\"_hash\":\"331c1752db2c29f99b65f1d0dca12ed8c44c4c83200d526bea1a713724931403\"}"},{"dataType":"ValueEntry","value":"{\"_name\":\"isFakeUIAbilityExists\",\"_value\":false,\"_valueType\":\"boolean\",\"_hash\":\"8fa4cb980c078f05c591462c78d4698c9883955ec5066c75f3c2e9c2d4df22a1\"}"}],"_successful":true,"_projectName":"rentRoom-master","_moduleName":"entry","_taskName":"default@ProcessProfile","_key":":rentRoom-master:entry:default@ProcessProfile","_executionId":":rentRoom-master:entry:default@ProcessProfile:1764997579006","_inputFiles":{"dataType":"Map","value":[["C:\\Users\\fl\\Desktop\\rentRoom-master\\entry\\build\\default\\intermediates\\merge_profile\\default\\module.json",{"fileSnapShotHashValue":"ec565a51636b8d4ff200733db6427761a7bfe587011b36a8d23dc84e0f98b4af"}]]},"_outputFiles":{"dataType":"Map","value":[["C:\\Users\\fl\\Desktop\\rentRoom-master\\entry\\build\\default\\intermediates\\process_profile\\default\\module.json",{"fileSnapShotHashValue":"7a706b606d45bcb1b9715891b6b33276b987688993ce7c3c93a10e320a0c83f0"}]]}},":rentRoom-master:entry:default@ProcessRouterMap":{"_inputs":[{"dataType":"ValueEntry","value":"{\"_name\":\"BUILTIN_TASK_COMMAND\",\"_value\":\"\",\"_valueType\":\"string\",\"_hash\":\"6c1049eece256c5ecd9a72bb60d260f5eaa0c767e9261531c19a2711a4384caa\"}"},{"dataType":"ValueEntry","value":"{\"_name\":\"BUILTIN_TASK_ENV\",\"_value\":\"\",\"_valueType\":\"string\",\"_hash\":\"fab23d53b4bed861bede91aa55abd54ccbb48f2366122ec79fa9d6a917cab83a\"}"},{"dataType":"ValueEntry","value":"{\"_name\":\"BUILTIN_TASK_TOOLCHAIN\",\"_value\":\"\",\"_valueType\":\"string\",\"_hash\":\"f354d8b3443da1d086e3f8d488045965d1abb7d86e6d7602e63c46d85ae85454\"}"},{"dataType":"ValueEntry","value":"{\"_name\":\"byteCodeHar\",\"_value\":false,\"_valueType\":\"boolean\",\"_hash\":\"4a2f0b0a7b1684665f4cfdf556e7849eb7b76fd73c8be3b83a43ccf9022a23dc\"}"},{"dataType":"ValueEntry","value":"{\"_name\":\"obfuscated\",\"_value\":true,\"_valueType\":\"boolean\",\"_hash\":\"63574f7bd39da453b2e948ec0bacfd459aa4c1261de54c243aad1a259378ea39\"}"},{"dataType":"ValueEntry","value":"{\"_name\":\"useNormalizedOHMUrl\",\"_value\":true,\"_valueType\":\"boolean\",\"_hash\":\"0224eeca0e5401fc0c653dbed2bab63ff91b2d1c8e23719fbab4e11e695311d9\"}"}],"_successful":true,"_projectName":"rentRoom-master","_moduleName":"entry","_taskName":"default@ProcessRouterMap","_key":":rentRoom-master:entry:default@ProcessRouterMap","_executionId":":rentRoom-master:entry:default@ProcessRouterMap:1764997579181","_inputFiles":{"dataType":"Map","value":[["C:\\Users\\fl\\Desktop\\rentRoom-master\\entry\\oh-package.json5",{"fileSnapShotHashValue":"a8131e489af5085e1797d84f0144b6edf7495dab37b995632e28ec9dfbc99130"}],["C:\\Users\\fl\\Desktop\\rentRoom-master\\oh-package.json5",{"fileSnapShotHashValue":"6a69a94f8f47bbd6a8d804739bb0f5f2f9a3a1dde94bbfa8f7885e08697cd410"}],["C:\\Users\\fl\\Desktop\\rentRoom-master\\entry\\src\\main\\module.json5",{"fileSnapShotHashValue":"e3f7f9eafe4ee2096af1370ab0393c1e35555589933b39794c8cf68f6007de77"}],["C:\\Users\\fl\\Desktop\\rentRoom-master\\entry\\build\\default\\intermediates\\loader\\default\\pkgContextInfo.json",{"fileSnapShotHashValue":"fcfe1a7ea380c32a535dd5b8d8a8a2308948cdafdca273e1de960b7cdf29c952"}]]},"_outputFiles":{"dataType":"Map","value":[["C:\\Users\\fl\\Desktop\\rentRoom-master\\entry\\build\\default\\intermediates\\router_map\\default\\temp-router-map.json",{"fileSnapShotHashValue":"d6a2c9eb6d7a810b5aa87493cb2d312786293f960f633c654116ba95b33d20d5"}],["C:\\Users\\fl\\Desktop\\rentRoom-master\\entry\\build\\default\\intermediates\\router_map\\default\\loader-router-map.json",{"fileSnapShotHashValue":"0d5200fee288453209e39357aefb876aae34e131bcad58abd2cf2ad9cb9e93e9"}]]}},":rentRoom-master:entry:default@ProcessShareConfig":{"_inputs":[{"dataType":"ValueEntry","value":"{\"_name\":\"BUILTIN_TASK_COMMAND\",\"_value\":\"\",\"_valueType\":\"string\",\"_hash\":\"6c1049eece256c5ecd9a72bb60d260f5eaa0c767e9261531c19a2711a4384caa\"}"},{"dataType":"ValueEntry","value":"{\"_name\":\"BUILTIN_TASK_ENV\",\"_value\":\"\",\"_valueType\":\"string\",\"_hash\":\"fab23d53b4bed861bede91aa55abd54ccbb48f2366122ec79fa9d6a917cab83a\"}"},{"dataType":"ValueEntry","value":"{\"_name\":\"BUILTIN_TASK_TOOLCHAIN\",\"_value\":\"\",\"_valueType\":\"string\",\"_hash\":\"f354d8b3443da1d086e3f8d488045965d1abb7d86e6d7602e63c46d85ae85454\"}"}],"_successful":true,"_projectName":"rentRoom-master","_moduleName":"entry","_taskName":"default@ProcessShareConfig","_key":":rentRoom-master:entry:default@ProcessShareConfig","_executionId":":rentRoom-master:entry:default@ProcessShareConfig:1764997579193","_inputFiles":{"dataType":"Map","value":[["C:\\Users\\fl\\Desktop\\rentRoom-master\\entry\\oh-package.json5",{"fileSnapShotHashValue":"a8131e489af5085e1797d84f0144b6edf7495dab37b995632e28ec9dfbc99130"}],["C:\\Users\\fl\\Desktop\\rentRoom-master\\oh-package.json5",{"fileSnapShotHashValue":"6a69a94f8f47bbd6a8d804739bb0f5f2f9a3a1dde94bbfa8f7885e08697cd410"}],["C:\\Users\\fl\\Desktop\\rentRoom-master\\entry\\src\\main\\module.json5",{"fileSnapShotHashValue":"e3f7f9eafe4ee2096af1370ab0393c1e35555589933b39794c8cf68f6007de77"}],["C:\\Users\\fl\\Desktop\\rentRoom-master\\entry\\build\\default\\intermediates\\loader\\default\\pkgContextInfo.json",{"fileSnapShotHashValue":"fcfe1a7ea380c32a535dd5b8d8a8a2308948cdafdca273e1de960b7cdf29c952"}]]},"_outputFiles":{"dataType":"Map","value":[["C:\\Users\\fl\\Desktop\\rentRoom-master\\entry\\build\\default\\intermediates\\share_config\\default\\temp-share-config.json",{"fileSnapShotHashValue":"4ae3c435c0a6e186d400c449d2315b0785e301ca9ba13a5109516d3281204351"}]]}},":rentRoom-master:entry:default@ProcessStartupConfig":{"_inputs":[{"dataType":"ValueEntry","value":"{\"_name\":\"appStartupFileName\",\"_value\":\"\",\"_valueType\":\"string\"}"},{"dataType":"ValueEntry","value":"{\"_name\":\"useNormalizedOHMUrl\",\"_value\":true,\"_valueType\":\"boolean\"}"},{"dataType":"ValueEntry","value":"{\"_name\":\"shouldCollectPreloadSystemSo\",\"_value\":false,\"_valueType\":\"boolean\"}"},{"dataType":"ValueEntry","value":"{\"_name\":\"BUILTIN_TASK_COMMAND\",\"_value\":\"\",\"_valueType\":\"string\"}"},{"dataType":"ValueEntry","value":"{\"_name\":\"BUILTIN_TASK_TOOLCHAIN\",\"_value\":\"\",\"_valueType\":\"string\"}"},{"dataType":"ValueEntry","value":"{\"_name\":\"BUILTIN_TASK_ENV\",\"_value\":\"\",\"_valueType\":\"string\"}"}],"_successful":true,"_projectName":"rentRoom-master","_moduleName":"entry","_taskName":"default@ProcessStartupConfig","_key":":rentRoom-master:entry:default@ProcessStartupConfig","_executionId":":rentRoom-master:entry:default@ProcessStartupConfig:1765019704497","_inputFiles":{"dataType":"Map","value":[["C:\\Users\\fl\\Desktop\\rentRoom-master\\entry\\build\\default\\intermediates\\loader\\default\\pkgContextInfo.json",{"fileSnapShotHashValue":"fcfe1a7ea380c32a535dd5b8d8a8a2308948cdafdca273e1de960b7cdf29c952"}]]},"_outputFiles":{"dataType":"Map","value":[["C:\\Users\\fl\\Desktop\\rentRoom-master\\entry\\build\\default\\intermediates\\startup\\default\\startup_config.json",{"fileSnapShotHashValue":""}]]}},":rentRoom-master:entry:default@ProcessResource":{"_inputs":[{"dataType":"ValueEntry","value":"{\"_name\":\"BUILTIN_TASK_COMMAND\",\"_value\":\"\",\"_valueType\":\"string\",\"_hash\":\"6c1049eece256c5ecd9a72bb60d260f5eaa0c767e9261531c19a2711a4384caa\"}"},{"dataType":"ValueEntry","value":"{\"_name\":\"BUILTIN_TASK_ENV\",\"_value\":\"\",\"_valueType\":\"string\",\"_hash\":\"fab23d53b4bed861bede91aa55abd54ccbb48f2366122ec79fa9d6a917cab83a\"}"},{"dataType":"ValueEntry","value":"{\"_name\":\"BUILTIN_TASK_TOOLCHAIN\",\"_value\":\"\",\"_valueType\":\"string\",\"_hash\":\"f354d8b3443da1d086e3f8d488045965d1abb7d86e6d7602e63c46d85ae85454\"}"},{"dataType":"ValueEntry","value":"{\"_name\":\"C:\\\\Users\\\\fl\\\\Desktop\\\\rentRoom-master\\\\entry\\\\build\\\\default\\\\intermediates\\\\res\\\\default\\\\opt-compression.json\",\"_value\":\"{\\\"context\\\":{\\\"extensionPath\\\":\\\"D:\\\\\\\\huaweiIDE\\\\\\\\DevEco Studio\\\\\\\\sdk\\\\\\\\default\\\\\\\\hms\\\\\\\\toolchains\\\\\\\\lib\\\\\\\\libimage_transcoder_shared.dll\\\"},\\\"compression\\\":{\\\"media\\\":{\\\"enable\\\":false},\\\"filters\\\":[]}}\",\"_valueType\":\"string\",\"_hash\":\"8923df40f5f0e95cbd0eb20483c4cb008b0ad7277d00a5c96b5d958610ba6d04\"}"},{"dataType":"ValueEntry","value":"{\"_name\":\"ignoreResourcePattern\",\"_value\":\"\",\"_valueType\":\"string\",\"_hash\":\"fa8a2bf7e8701fa08ecd49defdde15eba74e0f6f1c0edd32f96fec2db98c287d\"}"},{"dataType":"ValueEntry","value":"{\"_name\":\"includeAppScopeRes\",\"_value\":\"\",\"_valueType\":\"string\",\"_hash\":\"3c2a9052be609669b88b444d06b45b9cd9aa9bdbc5c549cf890a3bd37fc58d60\"}"},{"dataType":"ValueEntry","value":"{\"_name\":\"resConfigJsonContent\",\"_value\":\"{\\\"configPath\\\":\\\"C:\\\\\\\\Users\\\\\\\\fl\\\\\\\\Desktop\\\\\\\\rentRoom-master\\\\\\\\entry\\\\\\\\build\\\\\\\\default\\\\\\\\intermediates\\\\\\\\process_profile\\\\\\\\default\\\\\\\\module.json\\\",\\\"packageName\\\":\\\"com.example.rentroom\\\",\\\"output\\\":\\\"C:\\\\\\\\Users\\\\\\\\fl\\\\\\\\Desktop\\\\\\\\rentRoom-master\\\\\\\\entry\\\\\\\\build\\\\\\\\default\\\\\\\\intermediates\\\\\\\\res\\\\\\\\default\\\",\\\"moduleNames\\\":\\\"entry\\\",\\\"ResourceTable\\\":[\\\"C:\\\\\\\\Users\\\\\\\\fl\\\\\\\\Desktop\\\\\\\\rentRoom-master\\\\\\\\entry\\\\\\\\build\\\\\\\\default\\\\\\\\generated\\\\\\\\r\\\\\\\\default\\\\\\\\ResourceTable.h\\\"],\\\"applicationResource\\\":\\\"C:\\\\\\\\Users\\\\\\\\fl\\\\\\\\Desktop\\\\\\\\rentRoom-master\\\\\\\\AppScope\\\\\\\\resources\\\",\\\"moduleResources\\\":[\\\"C:\\\\\\\\Users\\\\\\\\fl\\\\\\\\Desktop\\\\\\\\rentRoom-master\\\\\\\\entry\\\\\\\\src\\\\\\\\main\\\\\\\\resources\\\"],\\\"dependencies\\\":[\\\"C:\\\\\\\\Users\\\\\\\\fl\\\\\\\\Desktop\\\\\\\\rentRoom-master\\\\\\\\oh_modules\\\\\\\\.ohpm\\\\\\\\@ohos+axios@2.2.3\\\\\\\\oh_modules\\\\\\\\@ohos\\\\\\\\axios\\\\\\\\src\\\\\\\\main\\\\\\\\resources\\\",\\\"C:\\\\\\\\Users\\\\\\\\fl\\\\\\\\Desktop\\\\\\\\rentRoom-master\\\\\\\\entry\\\\\\\\build\\\\\\\\default\\\\\\\\intermediates\\\\\\\\res\\\\\\\\default\\\\\\\\resource_str\\\"],\\\"iconCheck\\\":true,\\\"ids\\\":\\\"C:\\\\\\\\Users\\\\\\\\fl\\\\\\\\Desktop\\\\\\\\rentRoom-master\\\\\\\\entry\\\\\\\\build\\\\\\\\default\\\\\\\\intermediates\\\\\\\\res\\\\\\\\default\\\\\\\\ids_map\\\",\\\"definedIds\\\":\\\"C:\\\\\\\\Users\\\\\\\\fl\\\\\\\\Desktop\\\\\\\\rentRoom-master\\\\\\\\entry\\\\\\\\build\\\\\\\\default\\\\\\\\intermediates\\\\\\\\res\\\\\\\\default\\\\\\\\ids_map\\\\\\\\id_defined.json\\\",\\\"definedSysIds\\\":\\\"D:\\\\\\\\huaweiIDE\\\\\\\\DevEco Studio\\\\\\\\sdk\\\\\\\\default\\\\\\\\hms\\\\\\\\toolchains\\\\\\\\id_defined.json\\\"}\",\"_valueType\":\"string\",\"_hash\":\"f330a19d685968c45df6b9f52c3833c2aa8a3864b6fdb702d58c43e8e85f9116\"}"},{"dataType":"ValueEntry","value":"{\"_name\":\"resource_str\",\"_value\":true,\"_valueType\":\"boolean\",\"_hash\":\"2c1d2c60b12575fcd973233c0c8cd465662fdcf4b3fd720a81492a4033cb343a\"}"}],"_successful":true,"_projectName":"rentRoom-master","_moduleName":"entry","_taskName":"default@ProcessResource","_key":":rentRoom-master:entry:default@ProcessResource","_executionId":":rentRoom-master:entry:default@ProcessResource:1764997579217","_inputFiles":{"dataType":"Map","value":[]},"_outputFiles":{"dataType":"Map","value":[["C:\\Users\\fl\\Desktop\\rentRoom-master\\entry\\build\\default\\intermediates\\res\\default\\resConfig.json",{"isDirectory":false,"fileSnapShotHashValue":"0b54ea97766399044aa6c4df1aefeca5291f864aba305d2f28b1fb033bc5b6be"}],["C:\\Users\\fl\\Desktop\\rentRoom-master\\entry\\build\\default\\intermediates\\res\\default\\opt-compression.json",{"isDirectory":false,"fileSnapShotHashValue":"8003fb806adbf6bb3d608621fb316c8b6f9fa2331899a88dd48a5461fab120ba"}]]}},":rentRoom-master:entry:default@GenerateLoaderJson":{"_inputs":[{"dataType":"ValueEntry","value":"{\"_name\":\"BUILTIN_TASK_COMMAND\",\"_value\":\"\",\"_valueType\":\"string\",\"_hash\":\"6c1049eece256c5ecd9a72bb60d260f5eaa0c767e9261531c19a2711a4384caa\"}"},{"dataType":"ValueEntry","value":"{\"_name\":\"BUILTIN_TASK_ENV\",\"_value\":\"\",\"_valueType\":\"string\",\"_hash\":\"fab23d53b4bed861bede91aa55abd54ccbb48f2366122ec79fa9d6a917cab83a\"}"},{"dataType":"ValueEntry","value":"{\"_name\":\"BUILTIN_TASK_TOOLCHAIN\",\"_value\":\"\",\"_valueType\":\"string\",\"_hash\":\"f354d8b3443da1d086e3f8d488045965d1abb7d86e6d7602e63c46d85ae85454\"}"},{"dataType":"ValueEntry","value":"{\"_name\":\"anBuildMode\",\"_value\":\"type\",\"_valueType\":\"string\",\"_hash\":\"b6c2cdf83442e0a2e9276b44ad76436c6d0bcc210edecb703114e95a598dc3c3\"}"},{"dataType":"ValueEntry","value":"{\"_name\":\"apPath\",\"_value\":\"C:\\\\Users\\\\fl\\\\Desktop\\\\rentRoom-master\\\\entry\\\\modules.ap\",\"_valueType\":\"string\",\"_hash\":\"51e0c55d3f891eb18e8bf4980726225c3b2220a8f734eae1a8a7c0f7e2d63129\"}"},{"dataType":"ValueEntry","value":"{\"_name\":\"appStartupFileName\",\"_value\":\"\",\"_valueType\":\"string\",\"_hash\":\"08d4364dd4e30f366a567cdf729bce6192c7be3a576ec780f3246de4aab394b2\"}"},{"dataType":"ValueEntry","value":"{\"_name\":\"compatibleApiVersion\",\"_value\":12,\"_valueType\":\"number\",\"_hash\":\"3044b764a8e3877e0efd8c4a1f9a29375d8109057ef019dbc16ee2bd0977fdf4\"}"},{"dataType":"ValueEntry","value":"{\"_name\":\"compileApiVersion\",\"_value\":21,\"_valueType\":\"number\",\"_hash\":\"172e07e1335bae92f1242f8a7ae7145e7cc2346411314feb3d79274c65d19671\"}"},{"dataType":"ValueEntry","value":"{\"_name\":\"compileMode\",\"_value\":\"esmodule\",\"_valueType\":\"string\",\"_hash\":\"b252a618b764d3a16946606383b78d4fb15c248889fa7eeaeaf03053cb658f5a\"}"},{"dataType":"ValueEntry","value":"{\"_name\":\"dependencyModuleAbility\",\"_valueType\":\"undefined\",\"_hash\":\"bab8a6d024eec92d9e8c6141d046c98fc050bd3d5639e87bc82d241bca917faa\"}"},{"dataType":"ValueEntry","value":"{\"_name\":\"fallbackAnBuild\",\"_value\":false,\"_valueType\":\"boolean\",\"_hash\":\"6f8ed2a511c0bba942d7dcfa03ce73e61df388e1078d8aa764eab1ed2579ffbe\"}"},{"dataType":"ValueEntry","value":"{\"_name\":\"harNameOhmMap\",\"_value\":\"{}\",\"_valueType\":\"string\",\"_hash\":\"acc11cef2aff25c28c5419917e8ca31d827bff2f1f80b5f15bed3075b95d2453\"}"},{"dataType":"ValueEntry","value":"{\"_name\":\"hspNameOhmMap\",\"_value\":\"{}\",\"_valueType\":\"string\",\"_hash\":\"aa81d73257173f0b16a1e81016649a76f0a7185c632329bedc7591c5cd891a26\"}"},{"dataType":"ValueEntry","value":"{\"_name\":\"isBundledDependencies\",\"_value\":false,\"_valueType\":\"boolean\",\"_hash\":\"2a22b42a8504b32b68a8cc4173a9e266e6540a9372bf6553176105f698c20dc2\"}"},{"dataType":"ValueEntry","value":"{\"_name\":\"isByteCodeHar\",\"_value\":false,\"_valueType\":\"boolean\",\"_hash\":\"31aa2831dc8ab7d38bfe1091d4eb58c38ef100d622c96497f4e1c6e12552058f\"}"},{"dataType":"ValueEntry","value":"{\"_name\":\"isByteCodeHarOptimize\",\"_value\":false,\"_valueType\":\"boolean\",\"_hash\":\"765fcc2a093117f1d048b712c99977ad120ee4b32fbeed77fca6f1d07d4b3bc0\"}"},{"dataType":"ValueEntry","value":"{\"_name\":\"isFullCompilationEnabled\",\"_value\":true,\"_valueType\":\"boolean\",\"_hash\":\"bdc425fc76182216717b60e6f66f4259cd2a62ca4644d08b4c942f5424be8abc\"}"},{"dataType":"ValueEntry","value":"{\"_name\":\"isHarWithCoverage\",\"_value\":false,\"_valueType\":\"boolean\",\"_hash\":\"7a6ae2a3f4fb0a66f3dc3df4cb8e5ed15d62ba95343bf2c447c668fc09bd75cd\"}"},{"dataType":"ValueEntry","value":"{\"_name\":\"isOhosTest\",\"_value\":false,\"_valueType\":\"boolean\",\"_hash\":\"de6340d3d0a55dfab74711d2022cbe7a75d555e002e47935640e8115424af634\"}"},{"dataType":"ValueEntry","value":"{\"_name\":\"modulePathMap\",\"_value\":\"{\\\"entry\\\":\\\"C:\\\\\\\\Users\\\\\\\\fl\\\\\\\\Desktop\\\\\\\\rentRoom-master\\\\\\\\entry\\\"}\",\"_valueType\":\"string\",\"_hash\":\"f9c8bd5b928bf7c3f2a2dbed4236f84caeef5ff308bdf62eb14a273edddc2239\"}"},{"dataType":"ValueEntry","value":"{\"_name\":\"module_dependencies\",\"_value\":\"{}\",\"_valueType\":\"string\",\"_hash\":\"dc42a51d1dfe949cec0fd4528c57600bf4a35bb856351425df468d109bfac523\"}"},{"dataType":"ValueEntry","value":"{\"_name\":\"needSubmitArkTsWidget\",\"_value\":false,\"_valueType\":\"boolean\",\"_hash\":\"b7eb2cc34539dd6a8fc1ccae4b3b043e164f4e8b113031a5fe6444fdb13433e7\"}"},{"dataType":"ValueEntry","value":"{\"_name\":\"nodeModulesPath\",\"_value\":\"C:\\\\Users\\\\fl\\\\Desktop\\\\rentRoom-master\\\\entry\\\\build\\\\default\\\\intermediates\\\\loader_out\\\\default\\\\node_modules\",\"_valueType\":\"string\",\"_hash\":\"c53e966e5e7c26e706fba83c300c5a602f7db2d51f430df7cd11cb1395c8d1c2\"}"},{"dataType":"ValueEntry","value":"{\"_name\":\"overrides\",\"_valueType\":\"undefined\",\"_hash\":\"76b98eeb6f5b5311e5e4846e8d49c6f29c84b1224760f1658f8089449a1bf5a8\"}"},{"dataType":"ValueEntry","value":"{\"_name\":\"patchConfig\",\"_value\":\"{\\\"changedFileList\\\":\\\"C:\\\\\\\\Users\\\\\\\\fl\\\\\\\\Desktop\\\\\\\\rentRoom-master\\\\\\\\entry\\\\\\\\build\\\\\\\\default\\\\\\\\intermediates\\\\\\\\patch\\\\\\\\default\\\\\\\\changedFileList.json\\\"}\",\"_valueType\":\"string\",\"_hash\":\"b791b17d2af621aa7833ae87712282911ddd4abc1d3cd039fdde2ff0af798bb3\"}"},{"dataType":"ValueEntry","value":"{\"_name\":\"projectRootPath\",\"_value\":\"C:\\\\Users\\\\fl\\\\Desktop\\\\rentRoom-master\",\"_valueType\":\"string\",\"_hash\":\"2339f8f80d1acdcd435dc983316871c027bac775158c782582ebf630494dcbbd\"}"},{"dataType":"ValueEntry","value":"{\"_name\":\"project_dependencies\",\"_value\":\"{\\\"@ohos/axios\\\":\\\"^2.2.3\\\"}\",\"_valueType\":\"string\",\"_hash\":\"34ab73075911f0198e8bb448433034d9b628570511d1c78dfe6e020c27ec26fc\"}"},{"dataType":"ValueEntry","value":"{\"_name\":\"shouldTreatHarAsHap\",\"_value\":false,\"_valueType\":\"boolean\",\"_hash\":\"9722cc179e8721df3beeeebd7c6023318e49eea338f2c3a57f278c73cb4fa861\"}"},{"dataType":"ValueEntry","value":"{\"_name\":\"targetConfig\",\"_value\":\"{\\\"name\\\":\\\"default\\\"}\",\"_valueType\":\"string\",\"_hash\":\"00edb30e03b595b8e9a369830919ac2710fc4c049774eee6932498b142d1a8ea\"}"},{"dataType":"ValueEntry","value":"{\"_name\":\"useNormalizedOHMUrl\",\"_value\":true,\"_valueType\":\"boolean\",\"_hash\":\"0224eeca0e5401fc0c653dbed2bab63ff91b2d1c8e23719fbab4e11e695311d9\"}"}],"_successful":true,"_projectName":"rentRoom-master","_moduleName":"entry","_taskName":"default@GenerateLoaderJson","_key":":rentRoom-master:entry:default@GenerateLoaderJson","_executionId":":rentRoom-master:entry:default@GenerateLoaderJson:1764997579233","_inputFiles":{"dataType":"Map","value":[["C:\\Users\\fl\\Desktop\\rentRoom-master\\entry\\src\\mock\\mock-config.json5",{"fileSnapShotHashValue":"8469e6ee94bc5491121217357516ccd83c3938a6cc348475d43cec228aec69c8"}],["C:\\Users\\fl\\Desktop\\rentRoom-master\\entry\\build\\default\\intermediates\\loader\\default\\pkgContextInfo.json",{"fileSnapShotHashValue":"fcfe1a7ea380c32a535dd5b8d8a8a2308948cdafdca273e1de960b7cdf29c952"}],["C:\\Users\\fl\\Desktop\\rentRoom-master\\entry\\build\\default\\intermediates\\router_map\\default\\temp-router-map.json",{"fileSnapShotHashValue":"d6a2c9eb6d7a810b5aa87493cb2d312786293f960f633c654116ba95b33d20d5"}]]},"_outputFiles":{"dataType":"Map","value":[["C:\\Users\\fl\\Desktop\\rentRoom-master\\entry\\build\\default\\intermediates\\loader\\default\\loader.json",{"isDirectory":false,"fileSnapShotHashValue":"6ad6d590a8c1a973306fb9b514149261275e72839808601b650f8cf0627baea5"}]]}},":rentRoom-master:entry:default@ProcessLibs":{"_inputs":[{"dataType":"ValueEntry","value":"{\"_name\":\"BUILTIN_TASK_COMMAND\",\"_value\":\"\",\"_valueType\":\"string\",\"_hash\":\"6c1049eece256c5ecd9a72bb60d260f5eaa0c767e9261531c19a2711a4384caa\"}"},{"dataType":"ValueEntry","value":"{\"_name\":\"BUILTIN_TASK_ENV\",\"_value\":\"\",\"_valueType\":\"string\",\"_hash\":\"fab23d53b4bed861bede91aa55abd54ccbb48f2366122ec79fa9d6a917cab83a\"}"},{"dataType":"ValueEntry","value":"{\"_name\":\"BUILTIN_TASK_TOOLCHAIN\",\"_value\":\"\",\"_valueType\":\"string\",\"_hash\":\"f354d8b3443da1d086e3f8d488045965d1abb7d86e6d7602e63c46d85ae85454\"}"},{"dataType":"ValueEntry","value":"{\"_name\":\"excludeFromHar\",\"_value\":true,\"_valueType\":\"boolean\",\"_hash\":\"6df8c70e1286b558ff469defa1217f7ab51015a20dce3ca94cf8685c9537866d\"}"},{"dataType":"ValueEntry","value":"{\"_name\":\"isBundledDependencies\",\"_value\":false,\"_valueType\":\"boolean\",\"_hash\":\"2a22b42a8504b32b68a8cc4173a9e266e6540a9372bf6553176105f698c20dc2\"}"},{"dataType":"ValueEntry","value":"{\"_name\":\"isByteCodeHar\",\"_value\":false,\"_valueType\":\"boolean\",\"_hash\":\"31aa2831dc8ab7d38bfe1091d4eb58c38ef100d622c96497f4e1c6e12552058f\"}"}],"_successful":true,"_projectName":"rentRoom-master","_moduleName":"entry","_taskName":"default@ProcessLibs","_key":":rentRoom-master:entry:default@ProcessLibs","_executionId":":rentRoom-master:entry:default@ProcessLibs:1764997579264","_inputFiles":{"dataType":"Map","value":[["C:\\Users\\fl\\Desktop\\rentRoom-master\\oh_modules\\.ohpm\\@ohos+axios@2.2.3\\oh_modules\\@ohos\\axios\\libs",{"fileSnapShotHashValue":""}],["C:\\Users\\fl\\Desktop\\rentRoom-master\\build-profile.json5",{"fileSnapShotHashValue":"8f1cf6c8447e21171d21a98a1bec73726d047b61e0e1390ed6dad999e7c44a59"}],["C:\\Users\\fl\\Desktop\\rentRoom-master\\entry\\build-profile.json5",{"fileSnapShotHashValue":"6db03c28dfb300dc9e1b90b1c6b47d5c458c423abe157d64a9cdc5557a5fe2f2"}]]},"_outputFiles":{"dataType":"Map","value":[["C:\\Users\\fl\\Desktop\\rentRoom-master\\entry\\build\\default\\intermediates\\libs\\default",{"isDirectory":true,"fileSnapShotHashValue":""}]]}},":rentRoom-master:entry:default@CompileResource":{"_inputs":[{"dataType":"ValueEntry","value":"{\"_name\":\"BUILTIN_TASK_COMMAND\",\"_value\":\"D:\\\\huaweiIDE\\\\DevEco Studio\\\\sdk\\\\default\\\\openharmony\\\\toolchains\\\\restool.exe,-l,C:\\\\Users\\\\fl\\\\Desktop\\\\rentRoom-master\\\\entry\\\\build\\\\default\\\\intermediates\\\\res\\\\default\\\\resConfig.json\",\"_valueType\":\"string\",\"_hash\":\"e9397c7c86fd59cccf4e3312f60ac26468ae9eb7d82244a7c0041c18f70230de\"}"},{"dataType":"ValueEntry","value":"{\"_name\":\"BUILTIN_TASK_ENV\",\"_value\":\"\",\"_valueType\":\"string\",\"_hash\":\"fab23d53b4bed861bede91aa55abd54ccbb48f2366122ec79fa9d6a917cab83a\"}"},{"dataType":"ValueEntry","value":"{\"_name\":\"BUILTIN_TASK_TOOLCHAIN\",\"_value\":\"D:\\\\huaweiIDE\\\\DevEco Studio\\\\sdk\\\\default\\\\openharmony\\\\toolchains\\\\restool.exe\",\"_valueType\":\"string\",\"_hash\":\"3d3cd2b412d1d30b6d659d2619ac61b60e00c39480d5da2adc43de15405e2dd5\"}"},{"dataType":"ValueEntry","value":"{\"_name\":\"TARGET_CONFIG\",\"_value\":\"{\\\"name\\\":\\\"default\\\"}\",\"_valueType\":\"string\",\"_hash\":\"488edc718adbec9bf0e32d067fca85bb5bdc7a08303d1a99357f15bb71642ec6\"}"},{"dataType":"ValueEntry","value":"{\"_name\":\"useNormalizedOHMUrl\",\"_value\":true,\"_valueType\":\"boolean\",\"_hash\":\"0224eeca0e5401fc0c653dbed2bab63ff91b2d1c8e23719fbab4e11e695311d9\"}"}],"_successful":true,"_projectName":"rentRoom-master","_moduleName":"entry","_taskName":"default@CompileResource","_key":":rentRoom-master:entry:default@CompileResource","_executionId":":rentRoom-master:entry:default@CompileResource:1764997579281","_inputFiles":{"dataType":"Map","value":[["C:\\Users\\fl\\Desktop\\rentRoom-master\\entry\\src\\main\\resources",{"fileSnapShotHashValue":"17a3bf392b35403df05575e8d4c02f4c9384d64515d8b1b2ffd8b14d158490a1"}],["C:\\Users\\fl\\Desktop\\rentRoom-master\\oh_modules\\.ohpm\\@ohos+axios@2.2.3\\oh_modules\\@ohos\\axios\\src\\main\\resources",{"fileSnapShotHashValue":"80b764bef79826b5351079e657cdc05a16593b2c6af63e06e9ae19b6499d4577"}],["C:\\Users\\fl\\Desktop\\rentRoom-master\\entry\\build\\default\\intermediates\\res\\default\\resource_str",{"fileSnapShotHashValue":"3024e8336ca907f4768755fe8a5fda87b6bfe5fef51639ac8b716493cfab40d8"}],["C:\\Users\\fl\\Desktop\\rentRoom-master\\AppScope\\resources",{"fileSnapShotHashValue":"7c6a4d724f8c7462bebf9fc285a3435464a6f124d6bbb87883b175e0023c1bd2"}],["C:\\Users\\fl\\Desktop\\rentRoom-master\\entry\\build\\default\\intermediates\\process_profile\\default\\module.json",{"isDirectory":false,"fileSnapShotHashValue":"7a706b606d45bcb1b9715891b6b33276b987688993ce7c3c93a10e320a0c83f0"}],["C:\\Users\\fl\\Desktop\\rentRoom-master\\entry\\build\\default\\intermediates\\res\\default\\resConfig.json",{"isDirectory":false,"fileSnapShotHashValue":"0b54ea97766399044aa6c4df1aefeca5291f864aba305d2f28b1fb033bc5b6be"}]]},"_outputFiles":{"dataType":"Map","value":[["C:\\Users\\fl\\Desktop\\rentRoom-master\\entry\\build\\default\\intermediates\\res\\default",{"isDirectory":true,"fileSnapShotHashValue":"3481d282b5c28a6d446821a0fe1de767847684b6fe0bca8c79b3dee722f51114"}],["C:\\Users\\fl\\Desktop\\rentRoom-master\\entry\\build\\default\\generated\\r\\default\\ResourceTable.h",{"isDirectory":false,"fileSnapShotHashValue":"d184830b3bc363862f3c32c78f5b1a7db393809b226443fc6db2324fa29d9781"}],["C:\\Users\\fl\\Desktop\\rentRoom-master\\entry\\build\\default\\generated\\r\\default",{"isDirectory":true,"fileSnapShotHashValue":"c0a3c676849d7cdfb09718e466a1bdc8451bfc8189a2e6532e9fd6b24ee6ae91"}]]}},":rentRoom-master:entry:default@DoNativeStrip":{"_inputs":[{"dataType":"ValueEntry","value":"{\"_name\":\"BUILTIN_TASK_COMMAND\",\"_value\":\"\",\"_valueType\":\"string\",\"_hash\":\"6c1049eece256c5ecd9a72bb60d260f5eaa0c767e9261531c19a2711a4384caa\"}"},{"dataType":"ValueEntry","value":"{\"_name\":\"BUILTIN_TASK_ENV\",\"_value\":\"\",\"_valueType\":\"string\",\"_hash\":\"fab23d53b4bed861bede91aa55abd54ccbb48f2366122ec79fa9d6a917cab83a\"}"},{"dataType":"ValueEntry","value":"{\"_name\":\"BUILTIN_TASK_TOOLCHAIN\",\"_value\":\"\",\"_valueType\":\"string\",\"_hash\":\"f354d8b3443da1d086e3f8d488045965d1abb7d86e6d7602e63c46d85ae85454\"}"},{"dataType":"ValueEntry","value":"{\"_name\":\"debugSymbol\",\"_value\":\"\",\"_valueType\":\"string\",\"_hash\":\"1082dd5e6f56bef4530b1600ccdfc7599cf6cc8a5c6d5087d1cab1f405df3d2f\"}"}],"_successful":true,"_projectName":"rentRoom-master","_moduleName":"entry","_taskName":"default@DoNativeStrip","_key":":rentRoom-master:entry:default@DoNativeStrip","_executionId":":rentRoom-master:entry:default@DoNativeStrip:1764997579669","_inputFiles":{"dataType":"Map","value":[["C:\\Users\\fl\\Desktop\\rentRoom-master\\entry\\build\\default\\intermediates\\libs\\default",{"isDirectory":true,"fileSnapShotHashValue":""}]]},"_outputFiles":{"dataType":"Map","value":[["C:\\Users\\fl\\Desktop\\rentRoom-master\\entry\\build\\default\\intermediates\\stripped_native_libs\\default",{"isDirectory":true,"fileSnapShotHashValue":""}]]}},":rentRoom-master:entry:default@CompileArkTS":{"_inputs":[{"dataType":"ValueEntry","value":"{\"_name\":\"BUILTIN_TASK_COMMAND\",\"_value\":\"\",\"_valueType\":\"string\",\"_hash\":\"6c1049eece256c5ecd9a72bb60d260f5eaa0c767e9261531c19a2711a4384caa\"}"},{"dataType":"ValueEntry","value":"{\"_name\":\"BUILTIN_TASK_ENV\",\"_value\":\"\",\"_valueType\":\"string\",\"_hash\":\"fab23d53b4bed861bede91aa55abd54ccbb48f2366122ec79fa9d6a917cab83a\"}"},{"dataType":"ValueEntry","value":"{\"_name\":\"BUILTIN_TASK_TOOLCHAIN\",\"_value\":\"\",\"_valueType\":\"string\",\"_hash\":\"f354d8b3443da1d086e3f8d488045965d1abb7d86e6d7602e63c46d85ae85454\"}"},{"dataType":"ValueEntry","value":"{\"_name\":\"OBFUSCATION_ENABLE\",\"_value\":\"undefined\",\"_valueType\":\"string\",\"_hash\":\"e70bea156f3f95ca91020ba9198ad6e39e87ad0e1738f25af77151be3ca1fb2a\"}"},{"dataType":"ValueEntry","value":"{\"_name\":\"OBFUSCATION_FILES_HASH\",\"_value\":\"\",\"_valueType\":\"string\",\"_hash\":\"5ff8f055012e5c67f66992dc276030430535354ba68ccba40234daa34fee43c8\"}"},{"dataType":"ValueEntry","value":"{\"_name\":\"allowEmptyBundleName\",\"_value\":false,\"_valueType\":\"boolean\",\"_hash\":\"34d2b7dca7950161208973fa78ad26714e2b249a9fe6913de2212babf20646cd\"}"},{"dataType":"ValueEntry","value":"{\"_name\":\"ark.tsImportSendable\",\"_value\":false,\"_valueType\":\"boolean\",\"_hash\":\"b917ce32edb17751a23af653dc6202e996bad320a23c01176d28e539b380d2ce\"}"},{"dataType":"ValueEntry","value":"{\"_name\":\"arkTsWdiget\",\"_value\":false,\"_valueType\":\"boolean\",\"_hash\":\"646e8d6f970827a175eaeffcc705efe299744abb9018b1cb623fbf1d7c078838\"}"},{"dataType":"ValueEntry","value":"{\"_name\":\"autoLazyFilter\",\"_value\":\"\",\"_valueType\":\"string\",\"_hash\":\"37d6ef8803618975f15fb7658d304055430de9883fe50e07dafda8e5ec14d162\"}"},{"dataType":"ValueEntry","value":"{\"_name\":\"autoLazyImport\",\"_value\":false,\"_valueType\":\"boolean\",\"_hash\":\"88a439819b0a2b9ff96e0670ac571fd2259a7f7cb5118ead63cb3c159ad190fe\"}"},{"dataType":"ValueEntry","value":"{\"_name\":\"caseSensitiveCheck\",\"_value\":true,\"_valueType\":\"boolean\",\"_hash\":\"c44d1db0126f05a8f7499206d577bff7b357aaa5c5d300035a0e5456ba6c7a77\"}"},{"dataType":"ValueEntry","value":"{\"_name\":\"compatibleSdkVersionStage\",\"_value\":\"beta1\",\"_valueType\":\"string\",\"_hash\":\"dcb64e353fbf1e4f1d2a7e92558cda2355a4a8c7dfc17b5764ec81a2d75f2e6f\"}"},{"dataType":"ValueEntry","value":"{\"_name\":\"copyCodeResourceEnable\",\"_value\":true,\"_valueType\":\"boolean\",\"_hash\":\"ec81b385f27ea810b4be30bcc54c23444bb80775c4245fda18d61e4c56fa2765\"}"},{"dataType":"ValueEntry","value":"{\"_name\":\"copyCodeResourceExcludes\",\"_value\":[],\"_valueType\":\"object\",\"_hash\":\"e978d27697808455934a6b79bfffff7417c0b1fca43629a805a8192d42476278\"}"},{"dataType":"ValueEntry","value":"{\"_name\":\"copyCodeResourceIncludes\",\"_value\":\"undefined\",\"_valueType\":\"string\",\"_hash\":\"74675cdca66fc102bbd6844ba5cad8a49185e2184ee26ac2438ac80629fefcc8\"}"},{"dataType":"ValueEntry","value":"{\"_name\":\"customTypes\",\"_value\":[],\"_valueType\":\"object\",\"_hash\":\"69099afb688d7ff9393a1ad5aab6f22e311228210d9110bedc5bcea2f26b720b\"}"},{"dataType":"ValueEntry","value":"{\"_name\":\"debuggable\",\"_value\":true,\"_valueType\":\"boolean\",\"_hash\":\"124fb5e13d4aabc2491cd6fcd67175d4eaa23df3e54c00d431a7cfdafa710e0a\"}"},{"dataType":"ValueEntry","value":"{\"_name\":\"enableStrictCheckOHModule\",\"_value\":false,\"_valueType\":\"boolean\",\"_hash\":\"a0bb850ac7553009f04aa3aff358db22e3eedc6de9dc2e37c7d122114a860d95\"}"},{"dataType":"ValueEntry","value":"{\"_name\":\"executionMode\",\"_value\":\"memory\",\"_valueType\":\"string\",\"_hash\":\"f56639734dcfb28be6b506dcc3172bdb14839a03fa8e039401833a3bfd58026b\"}"},{"dataType":"ValueEntry","value":"{\"_name\":\"expandImportExclude\",\"_value\":\"\",\"_valueType\":\"string\",\"_hash\":\"f014b2128bc3f03b24f15fe0e95180c07690eb503e18d5fce732f1d088d285f8\"}"},{"dataType":"ValueEntry","value":"{\"_name\":\"ignoreCrossplatformCheck\",\"_value\":false,\"_valueType\":\"boolean\",\"_hash\":\"5bbb411bef74dd9979425fe595f770b2744cb4f70216f588f5f4b16909541785\"}"},{"dataType":"ValueEntry","value":"{\"_name\":\"isArk\",\"_value\":true,\"_valueType\":\"boolean\",\"_hash\":\"1bb8b976db4082b0b8ec7ab3c2eb4bffdb5488ad8e80d398f6298da3f00bb160\"}"},{"dataType":"ValueEntry","value":"{\"_name\":\"isByteCodeHarOptimize\",\"_value\":false,\"_valueType\":\"boolean\",\"_hash\":\"765fcc2a093117f1d048b712c99977ad120ee4b32fbeed77fca6f1d07d4b3bc0\"}"},{"dataType":"ValueEntry","value":"{\"_name\":\"isExpandImportEnabled\",\"_value\":false,\"_valueType\":\"boolean\",\"_hash\":\"b67a29a46e7f73582199a2914054cf91c9c3c5201bae6150d41cb4ff12f75a33\"}"},{"dataType":"ValueEntry","value":"{\"_name\":\"isHarDeduplicateEnabled\",\"_value\":false,\"_valueType\":\"boolean\",\"_hash\":\"eccfc94d292e497b4e6982ef80cc94fdfe123b8c8ea6c7024f6170aaf3da78a2\"}"},{"dataType":"ValueEntry","value":"{\"_name\":\"isPreloadSoEnabled\",\"_value\":false,\"_valueType\":\"boolean\",\"_hash\":\"5d21486e307578ad800aa2eb718da961f57c4ae929d576ad12802a62459a2e52\"}"},{"dataType":"ValueEntry","value":"{\"_name\":\"lazyImportExclude\",\"_value\":\"\",\"_valueType\":\"string\",\"_hash\":\"2119e61760f5457b6e31d26c5f23d59a09d7296288249b1b5280843535a93865\"}"},{"dataType":"ValueEntry","value":"{\"_name\":\"lazyImportInclude\",\"_value\":\"\",\"_valueType\":\"string\",\"_hash\":\"925e1c48d65d923df8acb52a56210e202bf2c64edc1dfaab45de568b695d0051\"}"},{"dataType":"ValueEntry","value":"{\"_name\":\"localModuleParamMap\",\"_value\":\"{}\",\"_valueType\":\"string\",\"_hash\":\"7733c1d25be141ac7816f59cfb359e4eeb68219714f43a4d1059c4e2a53ce8f4\"}"},{"dataType":"ValueEntry","value":"{\"_name\":\"maxFlowDepth\",\"_value\":\"undefined\",\"_valueType\":\"string\",\"_hash\":\"61d962717d3290f83cd5511985c80591d2ebb975ffe96704dc316d84ac3cb376\"}"},{"dataType":"ValueEntry","value":"{\"_name\":\"needCoverageInsert\",\"_value\":false,\"_valueType\":\"boolean\",\"_hash\":\"37f16f5b77e085c240a1f3b503cc057746042854ad30c04c43671dd8f70a0de0\"}"},{"dataType":"ValueEntry","value":"{\"_name\":\"noExternalImportByPath\",\"_value\":true,\"_valueType\":\"boolean\",\"_hash\":\"986d127c44441ba378129ed820eb795bb0d8f70837b841b8173017e28f462b79\"}"},{"dataType":"ValueEntry","value":"{\"_name\":\"ohos.rollupCache.useSourceHash\",\"_value\":false,\"_valueType\":\"boolean\",\"_hash\":\"5489c7a3deeea2e261566b17af81aab41660cc50d571215d3dea45127981d13a\"}"},{"dataType":"ValueEntry","value":"{\"_name\":\"ohos.uiTransform.Optimization\",\"_value\":false,\"_valueType\":\"boolean\",\"_hash\":\"18222647a799e3cba64f2dbe4297c68dc8449a2bd252cfab4f05bca2e465ce7d\"}"},{"dataType":"ValueEntry","value":"{\"_name\":\"reExportCheckMode\",\"_value\":\"noCheck\",\"_valueType\":\"string\",\"_hash\":\"27476d82aca5d0a0868a812f03f64cc0ada83a590a71ef27bdd3093f3b306aa8\"}"},{"dataType":"ValueEntry","value":"{\"_name\":\"skipOhModulesLint\",\"_value\":false,\"_valueType\":\"boolean\",\"_hash\":\"0c98230757aa50d9929ee35a61daaf7cf8e49efc777f524dd36c1b2f0f50e0b6\"}"},{"dataType":"ValueEntry","value":"{\"_name\":\"transformLib\",\"_value\":\"\",\"_valueType\":\"string\",\"_hash\":\"e290891c0838ca6470020dcf292833f2588221dca1a7fa6af21969fb642d4e6d\"}"},{"dataType":"ValueEntry","value":"{\"_name\":\"useDeclarationFileSignature\",\"_value\":false,\"_valueType\":\"boolean\",\"_hash\":\"f9aed5c042f94c28f5871af02ad9b6b6b4e9fed5a674aa7347fc67a1c8d85ce2\"}"},{"dataType":"ValueEntry","value":"{\"_name\":\"useNormalizedOHMUrl\",\"_value\":true,\"_valueType\":\"boolean\",\"_hash\":\"0224eeca0e5401fc0c653dbed2bab63ff91b2d1c8e23719fbab4e11e695311d9\"}"},{"dataType":"ValueEntry","value":"{\"_name\":\"usePathPlaceholder\",\"_value\":false,\"_valueType\":\"boolean\",\"_hash\":\"276051e0b684f0221f224aa149701d16a666ac94f89da87e41a9bad5292e0493\"}"},{"dataType":"ValueEntry","value":"{\"_name\":\"writeRollupCache\",\"_value\":true,\"_valueType\":\"boolean\",\"_hash\":\"45cffe31c2e18147b06fc93d5abcdc1afbfe02a7938c0685d4eb7b8a6ecac1ce\"}"}],"_successful":true,"_projectName":"rentRoom-master","_moduleName":"entry","_taskName":"default@CompileArkTS","_key":":rentRoom-master:entry:default@CompileArkTS","_executionId":":rentRoom-master:entry:default@CompileArkTS:1765015778888","_inputFiles":{"dataType":"Map","value":[["C:\\Users\\fl\\Desktop\\rentRoom-master\\entry\\build\\default\\intermediates\\loader\\default",{"isDirectory":true,"fileSnapShotHashValue":"97114bf3491d0c53e82b64b287b69507a2c30008943bd4184932362d5c3e37c7"}],["C:\\Users\\fl\\Desktop\\rentRoom-master\\oh_modules\\.ohpm\\@ohos+axios@2.2.3\\oh_modules\\@ohos\\axios\\index.js",{"fileSnapShotHashValue":"276428d452ade1489eba7f32fa0f61d747dae81fc2e2a76aa91dad3fba350729"}],["C:\\Users\\fl\\Desktop\\rentRoom-master\\oh_modules\\.ohpm\\@ohos+axios@2.2.3\\oh_modules\\@ohos\\axios\\src\\main\\ets",{"isDirectory":true,"fileSnapShotHashValue":"168221037a4e1b605ea3189839a154140429f8ed7546fd407a78f3a7cd4c165b"}],["C:\\Users\\fl\\Desktop\\rentRoom-master\\entry\\build\\default\\intermediates\\res\\default\\resources\\rawfile",{"isDirectory":true,"fileSnapShotHashValue":"93d5507192eace4b371a866fa5bec024622b3587a7cb6cf41b1430fc39c6dbba"}],["C:\\Users\\fl\\Desktop\\rentRoom-master\\entry\\build\\default\\intermediates\\res\\default\\ResourceTable.txt",{"fileSnapShotHashValue":"b49fb0f16b758b7f7cf6595c9955cbd929a5893a159927fed4a9c77a8e016d57"}],["C:\\Users\\fl\\Desktop\\rentRoom-master\\entry\\build\\default\\intermediates\\res\\default\\ark_module.json",{"fileSnapShotHashValue":"3123541d76f52145274e5deb7b8de8591242df49c236d2e0f59b3f145ee201f3"}],["C:\\Users\\fl\\Desktop\\rentRoom-master\\entry\\build\\default\\intermediates\\res\\default\\resources\\base\\profile",{"isDirectory":true,"fileSnapShotHashValue":"62fe3c5faa2e0f5e725062a38956f61b7cb7df8958ebbe37abb60fcf9c755106"}],["C:\\Users\\fl\\Desktop\\rentRoom-master\\entry\\src\\main\\ets",{"isDirectory":true,"fileSnapShotHashValue":"51793a87cc43a540c99f18ab688d2411ceba9c1b554f681d5c7a5696ee0d2aa3"}],["C:\\Users\\fl\\Desktop\\rentRoom-master\\entry\\build\\default\\intermediates\\loader\\default\\pkgContextInfo.json",{"fileSnapShotHashValue":"fcfe1a7ea380c32a535dd5b8d8a8a2308948cdafdca273e1de960b7cdf29c952"}],["C:\\Users\\fl\\Desktop\\rentRoom-master\\entry\\build\\default\\generated\\profile\\default\\BuildProfile.ets",{"fileSnapShotHashValue":"981744c64f36306aaf6500aa0bd8e5932632386b5d70c24d83d03485e6d53cde"}],["C:\\Users\\fl\\Desktop\\rentRoom-master\\entry\\src\\mock\\mock-config.json5",{"isDirectory":false,"fileSnapShotHashValue":"8469e6ee94bc5491121217357516ccd83c3938a6cc348475d43cec228aec69c8"}]]},"_outputFiles":{"dataType":"Map","value":[["C:\\Users\\fl\\Desktop\\rentRoom-master\\entry\\build\\default\\intermediates\\loader_out\\default\\ets",{"isDirectory":true,"fileSnapShotHashValue":"16f98d7462789a1661acb11107de401514eba9a99d5319c5cde50db61c4c4845"}]]}},":rentRoom-master:entry:default@BuildJS":{"_inputs":[{"dataType":"ValueEntry","value":"{\"_name\":\"debuggable\",\"_value\":true,\"_valueType\":\"boolean\"}"},{"dataType":"ValueEntry","value":"{\"_name\":\"isArk\",\"_value\":true,\"_valueType\":\"boolean\"}"},{"dataType":"ValueEntry","value":"{\"_name\":\"needCoverageInsert\",\"_value\":false,\"_valueType\":\"boolean\"}"},{"dataType":"ValueEntry","value":"{\"_name\":\"ark.tsImportSendable\",\"_value\":false,\"_valueType\":\"boolean\"}"},{"dataType":"ValueEntry","value":"{\"_name\":\"customTypes\",\"_value\":[],\"_valueType\":\"object\"}"},{"dataType":"ValueEntry","value":"{\"_name\":\"isByteCodeHarOptimize\",\"_value\":false,\"_valueType\":\"boolean\"}"},{"dataType":"ValueEntry","value":"{\"_name\":\"caseSensitiveCheck\",\"_value\":true,\"_valueType\":\"boolean\"}"},{"dataType":"ValueEntry","value":"{\"_name\":\"useNormalizedOHMUrl\",\"_value\":true,\"_valueType\":\"boolean\"}"},{"dataType":"ValueEntry","value":"{\"_name\":\"transformLib\",\"_value\":\"\",\"_valueType\":\"string\"}"},{"dataType":"ValueEntry","value":"{\"_name\":\"compatibleSdkVersionStage\",\"_value\":\"beta1\",\"_valueType\":\"string\"}"},{"dataType":"ValueEntry","value":"{\"_name\":\"skipOhModulesLint\",\"_value\":false,\"_valueType\":\"boolean\"}"},{"dataType":"ValueEntry","value":"{\"_name\":\"autoLazyImport\",\"_value\":false,\"_valueType\":\"boolean\"}"},{"dataType":"ValueEntry","value":"{\"_name\":\"allowEmptyBundleName\",\"_value\":false,\"_valueType\":\"boolean\"}"},{"dataType":"ValueEntry","value":"{\"_name\":\"reExportCheckMode\",\"_value\":\"noCheck\",\"_valueType\":\"string\"}"},{"dataType":"ValueEntry","value":"{\"_name\":\"executionMode\",\"_value\":\"memory\",\"_valueType\":\"string\"}"},{"dataType":"ValueEntry","value":"{\"_name\":\"usePathPlaceholder\",\"_value\":false,\"_valueType\":\"boolean\"}"},{"dataType":"ValueEntry","value":"{\"_name\":\"writeRollupCache\",\"_value\":true,\"_valueType\":\"boolean\"}"},{"dataType":"ValueEntry","value":"{\"_name\":\"isExpandImportEnabled\",\"_value\":false,\"_valueType\":\"boolean\"}"},{"dataType":"ValueEntry","value":"{\"_name\":\"expandImportExclude\",\"_value\":\"\",\"_valueType\":\"string\"}"},{"dataType":"ValueEntry","value":"{\"_name\":\"lazyImportExclude\",\"_value\":\"\",\"_valueType\":\"string\"}"},{"dataType":"ValueEntry","value":"{\"_name\":\"lazyImportInclude\",\"_value\":\"\",\"_valueType\":\"string\"}"},{"dataType":"ValueEntry","value":"{\"_name\":\"ignoreCrossplatformCheck\",\"_value\":false,\"_valueType\":\"boolean\"}"},{"dataType":"ValueEntry","value":"{\"_name\":\"isHarDeduplicateEnabled\",\"_value\":false,\"_valueType\":\"boolean\"}"},{"dataType":"ValueEntry","value":"{\"_name\":\"enableStrictCheckOHModule\",\"_value\":false,\"_valueType\":\"boolean\"}"},{"dataType":"ValueEntry","value":"{\"_name\":\"useDeclarationFileSignature\",\"_value\":false,\"_valueType\":\"boolean\"}"},{"dataType":"ValueEntry","value":"{\"_name\":\"autoLazyFilter\",\"_value\":\"\",\"_valueType\":\"string\"}"},{"dataType":"ValueEntry","value":"{\"_name\":\"BUILTIN_TASK_COMMAND\",\"_value\":\"\",\"_valueType\":\"string\"}"},{"dataType":"ValueEntry","value":"{\"_name\":\"BUILTIN_TASK_TOOLCHAIN\",\"_value\":\"\",\"_valueType\":\"string\"}"},{"dataType":"ValueEntry","value":"{\"_name\":\"BUILTIN_TASK_ENV\",\"_value\":\"\",\"_valueType\":\"string\"}"}],"_successful":false,"_projectName":"rentRoom-master","_moduleName":"entry","_taskName":"default@BuildJS","_key":":rentRoom-master:entry:default@BuildJS","_executionId":":rentRoom-master:entry:default@BuildJS:1765019704599","_inputFiles":{"dataType":"Map","value":[["C:\\Users\\fl\\Desktop\\rentRoom-master\\entry\\build\\default\\intermediates\\loader\\default",{"isDirectory":true,"fileSnapShotHashValue":"97114bf3491d0c53e82b64b287b69507a2c30008943bd4184932362d5c3e37c7"}],["C:\\Users\\fl\\Desktop\\rentRoom-master\\oh_modules\\.ohpm\\@ohos+axios@2.2.3\\oh_modules\\@ohos\\axios\\index.js",{"fileSnapShotHashValue":"276428d452ade1489eba7f32fa0f61d747dae81fc2e2a76aa91dad3fba350729"}],["C:\\Users\\fl\\Desktop\\rentRoom-master\\entry\\build\\default\\intermediates\\res\\default\\resources\\rawfile",{"isDirectory":true,"fileSnapShotHashValue":"93d5507192eace4b371a866fa5bec024622b3587a7cb6cf41b1430fc39c6dbba"}],["C:\\Users\\fl\\Desktop\\rentRoom-master\\entry\\build\\default\\intermediates\\res\\default\\ResourceTable.txt",{"fileSnapShotHashValue":"b49fb0f16b758b7f7cf6595c9955cbd929a5893a159927fed4a9c77a8e016d57"}],["C:\\Users\\fl\\Desktop\\rentRoom-master\\entry\\build\\default\\intermediates\\res\\default\\ark_module.json",{"fileSnapShotHashValue":"3123541d76f52145274e5deb7b8de8591242df49c236d2e0f59b3f145ee201f3"}],["C:\\Users\\fl\\Desktop\\rentRoom-master\\entry\\build\\default\\intermediates\\res\\default\\resources\\base\\profile",{"isDirectory":true,"fileSnapShotHashValue":"62fe3c5faa2e0f5e725062a38956f61b7cb7df8958ebbe37abb60fcf9c755106"}],["C:\\Users\\fl\\Desktop\\rentRoom-master\\entry\\build\\default\\intermediates\\loader\\default\\pkgContextInfo.json",{"fileSnapShotHashValue":"fcfe1a7ea380c32a535dd5b8d8a8a2308948cdafdca273e1de960b7cdf29c952"}]]},"_outputFiles":{"dataType":"Map","value":[["C:\\Users\\fl\\Desktop\\rentRoom-master\\entry\\build\\default\\intermediates\\loader_out\\default\\js",{"isDirectory":true,"fileSnapShotHashValue":""}]]}},":rentRoom-master:entry:default@CacheNativeLibs":{"_inputs":[{"dataType":"ValueEntry","value":"{\"_name\":\"BUILTIN_TASK_COMMAND\",\"_value\":\"\",\"_valueType\":\"string\",\"_hash\":\"6c1049eece256c5ecd9a72bb60d260f5eaa0c767e9261531c19a2711a4384caa\"}"},{"dataType":"ValueEntry","value":"{\"_name\":\"BUILTIN_TASK_ENV\",\"_value\":\"\",\"_valueType\":\"string\",\"_hash\":\"fab23d53b4bed861bede91aa55abd54ccbb48f2366122ec79fa9d6a917cab83a\"}"},{"dataType":"ValueEntry","value":"{\"_name\":\"BUILTIN_TASK_TOOLCHAIN\",\"_value\":\"\",\"_valueType\":\"string\",\"_hash\":\"f354d8b3443da1d086e3f8d488045965d1abb7d86e6d7602e63c46d85ae85454\"}"},{"dataType":"ValueEntry","value":"{\"_name\":\"debugSymbol\",\"_value\":\"\",\"_valueType\":\"string\",\"_hash\":\"1082dd5e6f56bef4530b1600ccdfc7599cf6cc8a5c6d5087d1cab1f405df3d2f\"}"}],"_successful":true,"_projectName":"rentRoom-master","_moduleName":"entry","_taskName":"default@CacheNativeLibs","_key":":rentRoom-master:entry:default@CacheNativeLibs","_executionId":":rentRoom-master:entry:default@CacheNativeLibs:1764997579725","_inputFiles":{"dataType":"Map","value":[["C:\\Users\\fl\\Desktop\\rentRoom-master\\entry\\build\\default\\intermediates\\stripped_native_libs\\default",{"isDirectory":true,"fileSnapShotHashValue":""}],["C:\\Users\\fl\\Desktop\\rentRoom-master\\entry\\build\\default\\intermediates\\libs\\default",{"isDirectory":true,"fileSnapShotHashValue":""}]]},"_outputFiles":{"dataType":"Map","value":[["C:\\Users\\fl\\Desktop\\rentRoom-master\\entry\\build\\default\\intermediates\\patch\\default\\base_native_libs.json",{"isDirectory":false,"fileSnapShotHashValue":"a807db6c0e30fec989101e1c4adcc9854729b6f3231c45af73dfd03ddaa8128c"}]]}},":rentRoom-master:entry:default@GeneratePkgModuleJson":{"_inputs":[{"dataType":"ValueEntry","value":"{\"_name\":\"BUILTIN_TASK_COMMAND\",\"_value\":\"\",\"_valueType\":\"string\",\"_hash\":\"6c1049eece256c5ecd9a72bb60d260f5eaa0c767e9261531c19a2711a4384caa\"}"},{"dataType":"ValueEntry","value":"{\"_name\":\"BUILTIN_TASK_ENV\",\"_value\":\"\",\"_valueType\":\"string\",\"_hash\":\"fab23d53b4bed861bede91aa55abd54ccbb48f2366122ec79fa9d6a917cab83a\"}"},{"dataType":"ValueEntry","value":"{\"_name\":\"BUILTIN_TASK_TOOLCHAIN\",\"_value\":\"\",\"_valueType\":\"string\",\"_hash\":\"f354d8b3443da1d086e3f8d488045965d1abb7d86e6d7602e63c46d85ae85454\"}"}],"_successful":true,"_projectName":"rentRoom-master","_moduleName":"entry","_taskName":"default@GeneratePkgModuleJson","_key":":rentRoom-master:entry:default@GeneratePkgModuleJson","_executionId":":rentRoom-master:entry:default@GeneratePkgModuleJson:1764997594179","_inputFiles":{"dataType":"Map","value":[["C:\\Users\\fl\\Desktop\\rentRoom-master\\entry\\build\\default\\intermediates\\res\\default\\module.json",{"fileSnapShotHashValue":"750ca0ae834a7447be331230db51916849671d89df91e2b7095446fdba2a6596"}]]},"_outputFiles":{"dataType":"Map","value":[["C:\\Users\\fl\\Desktop\\rentRoom-master\\entry\\build\\default\\intermediates\\package\\default\\module.json",{"fileSnapShotHashValue":"111eba9113e0a8fbcc4fee89caaa28ad5ca97d3e4a087951350450c7b894119c"}]]}},":rentRoom-master:entry:default@ProcessCompiledResources":{"_inputs":[{"dataType":"ValueEntry","value":"{\"_name\":\"resourcePath\",\"_value\":\"C:\\\\Users\\\\fl\\\\Desktop\\\\rentRoom-master\\\\entry\\\\build\\\\default\\\\intermediates\\\\res\\\\default\\\\resources\",\"_valueType\":\"string\"}"},{"dataType":"ValueEntry","value":"{\"_name\":\"BUILTIN_TASK_COMMAND\",\"_value\":\"\",\"_valueType\":\"string\"}"},{"dataType":"ValueEntry","value":"{\"_name\":\"BUILTIN_TASK_TOOLCHAIN\",\"_value\":\"\",\"_valueType\":\"string\"}"},{"dataType":"ValueEntry","value":"{\"_name\":\"BUILTIN_TASK_ENV\",\"_value\":\"\",\"_valueType\":\"string\"}"}],"_successful":false,"_projectName":"rentRoom-master","_moduleName":"entry","_taskName":"default@ProcessCompiledResources","_key":":rentRoom-master:entry:default@ProcessCompiledResources","_executionId":":rentRoom-master:entry:default@ProcessCompiledResources:1765019704606","_inputFiles":{"dataType":"Map","value":[]},"_outputFiles":{"dataType":"Map","value":[]}},":rentRoom-master:entry:default@PackageHap":{"_inputs":[{"dataType":"ValueEntry","value":"{\"_name\":\"BUILTIN_TASK_COMMAND\",\"_value\":\"java,-Dfile.encoding=GBK,-jar,D:\\\\huaweiIDE\\\\DevEco Studio\\\\sdk\\\\default\\\\openharmony\\\\toolchains\\\\lib\\\\app_packing_tool.jar,--mode,hap,--force,true,--lib-path,C:\\\\Users\\\\fl\\\\Desktop\\\\rentRoom-master\\\\entry\\\\build\\\\default\\\\intermediates\\\\stripped_native_libs\\\\default,--json-path,C:\\\\Users\\\\fl\\\\Desktop\\\\rentRoom-master\\\\entry\\\\build\\\\default\\\\intermediates\\\\package\\\\default\\\\module.json,--resources-path,C:\\\\Users\\\\fl\\\\Desktop\\\\rentRoom-master\\\\entry\\\\build\\\\default\\\\intermediates\\\\res\\\\default\\\\resources,--index-path,C:\\\\Users\\\\fl\\\\Desktop\\\\rentRoom-master\\\\entry\\\\build\\\\default\\\\intermediates\\\\res\\\\default\\\\resources.index,--pack-info-path,C:\\\\Users\\\\fl\\\\Desktop\\\\rentRoom-master\\\\entry\\\\build\\\\default\\\\outputs\\\\default\\\\pack.info,--out-path,C:\\\\Users\\\\fl\\\\Desktop\\\\rentRoom-master\\\\entry\\\\build\\\\default\\\\outputs\\\\default\\\\entry-default-unsigned.hap,--ets-path,C:\\\\Users\\\\fl\\\\Desktop\\\\rentRoom-master\\\\entry\\\\build\\\\default\\\\intermediates\\\\loader_out\\\\default\\\\ets,--pkg-context-path,C:\\\\Users\\\\fl\\\\Desktop\\\\rentRoom-master\\\\entry\\\\build\\\\default\\\\intermediates\\\\loader\\\\default\\\\pkgContextInfo.json\",\"_valueType\":\"string\",\"_hash\":\"fffd3bf5c324b1e7f68ee8e283b7ecf139318d9344800f37c2c8589e5928827e\"}"},{"dataType":"ValueEntry","value":"{\"_name\":\"BUILTIN_TASK_ENV\",\"_value\":\"\",\"_valueType\":\"string\",\"_hash\":\"fab23d53b4bed861bede91aa55abd54ccbb48f2366122ec79fa9d6a917cab83a\"}"},{"dataType":"ValueEntry","value":"{\"_name\":\"BUILTIN_TASK_TOOLCHAIN\",\"_value\":\"D:\\\\huaweiIDE\\\\DevEco Studio\\\\sdk\\\\default\\\\openharmony\\\\toolchains\\\\lib\\\\app_packing_tool.jar\",\"_valueType\":\"string\",\"_hash\":\"108b1afd89f31d7e4a05e1df2db7c25b2cb53c2b3c77eee422ce0b304ca15621\"}"},{"dataType":"ValueEntry","value":"{\"_name\":\"bundleType\",\"_value\":\"app\",\"_valueType\":\"string\",\"_hash\":\"658147e8e7fe38cfaf34f90fbd6b2b397477edf7764ceb951c14d2882da8d701\"}"},{"dataType":"ValueEntry","value":"{\"_name\":\"hotReload\",\"_value\":false,\"_valueType\":\"boolean\",\"_hash\":\"e7ee502541b42cea31739c857a2cd186f4d50cc24458d6f11d69e4198c66659e\"}"},{"dataType":"ValueEntry","value":"{\"_name\":\"integrated_hsp\",\"_value\":false,\"_valueType\":\"boolean\",\"_hash\":\"c8e0a42238b6cb31ba5369f43f42fa7da63c8b99e3bc85ae67f55c6b25ba0540\"}"},{"dataType":"ValueEntry","value":"{\"_name\":\"projectConfigAppOpt\",\"_valueType\":\"undefined\",\"_hash\":\"690bf99bac27c7294cc7056baecf9d1f5996393f344fda6ad83f08f971cfc658\"}"},{"dataType":"ValueEntry","value":"{\"_name\":\"sourceMapDir\",\"_value\":\"\",\"_valueType\":\"string\",\"_hash\":\"c76ca7469948333ca419bae093799da859a84c924fa8ac5ab7e74e19114d080d\"}"}],"_successful":true,"_projectName":"rentRoom-master","_moduleName":"entry","_taskName":"default@PackageHap","_key":":rentRoom-master:entry:default@PackageHap","_executionId":":rentRoom-master:entry:default@PackageHap:1765015780235","_inputFiles":{"dataType":"Map","value":[["C:\\Users\\fl\\Desktop\\rentRoom-master\\entry\\build\\default\\intermediates\\stripped_native_libs\\default",{"isDirectory":false,"fileSnapShotHashValue":""}],["C:\\Users\\fl\\Desktop\\rentRoom-master\\entry\\build\\default\\intermediates\\res\\default\\module.json",{"isDirectory":false,"fileSnapShotHashValue":"750ca0ae834a7447be331230db51916849671d89df91e2b7095446fdba2a6596"}],["C:\\Users\\fl\\Desktop\\rentRoom-master\\entry\\build\\default\\intermediates\\res\\default\\resources",{"isDirectory":false,"fileSnapShotHashValue":"5c5b6be45e3a1fe33b410ba6c33ce6f73c76c57809ab35e8b06facb7bcfe8fe6"}],["C:\\Users\\fl\\Desktop\\rentRoom-master\\entry\\build\\default\\intermediates\\res\\default\\resources.index",{"isDirectory":false,"fileSnapShotHashValue":"62e441d862e6df716b128132e55978250da16545d781a55320cb5647b09da815"}],["C:\\Users\\fl\\Desktop\\rentRoom-master\\entry\\build\\default\\outputs\\default\\pack.info",{"isDirectory":false,"fileSnapShotHashValue":"f56d2726ade0111336dd57e1c10b3f7aff3c5716d9f8166a48b202fbb314db01"}],["C:\\Users\\fl\\Desktop\\rentRoom-master\\entry\\build\\default\\intermediates\\loader_out\\default\\ets",{"isDirectory":false,"fileSnapShotHashValue":"16f98d7462789a1661acb11107de401514eba9a99d5319c5cde50db61c4c4845"}],["C:\\Users\\fl\\Desktop\\rentRoom-master\\entry\\build\\default\\intermediates\\loader\\default\\pkgContextInfo.json",{"isDirectory":false,"fileSnapShotHashValue":"fcfe1a7ea380c32a535dd5b8d8a8a2308948cdafdca273e1de960b7cdf29c952"}],["C:\\Users\\fl\\Desktop\\rentRoom-master\\entry\\build\\default\\intermediates\\loader_out\\default\\ets\\sourceMaps.map",{"isDirectory":false,"fileSnapShotHashValue":"cae80e4e24e312a7d3f510a0e0c5c37762d90d5fc0a150f33d76922f5a5e1442"}],["C:\\Users\\fl\\Desktop\\rentRoom-master\\entry\\build\\default\\generated\\profile\\default\\BuildProfile.ets",{"fileSnapShotHashValue":"981744c64f36306aaf6500aa0bd8e5932632386b5d70c24d83d03485e6d53cde"}]]},"_outputFiles":{"dataType":"Map","value":[["C:\\Users\\fl\\Desktop\\rentRoom-master\\entry\\build\\default\\outputs\\default\\entry-default-unsigned.hap",{"isDirectory":false,"fileSnapShotHashValue":"f9d2ad1d93fdcea4942267e25b7cbb219bc89a76f50d8e6cc2c8729d0cea6f71"}],["C:\\Users\\fl\\Desktop\\rentRoom-master\\entry\\build\\default\\intermediates\\source_map\\default\\sourceMaps.map",{"fileSnapShotHashValue":"cae80e4e24e312a7d3f510a0e0c5c37762d90d5fc0a150f33d76922f5a5e1442"}],["C:\\Users\\fl\\Desktop\\rentRoom-master\\entry\\build\\default\\outputs\\default\\mapping\\sourceMaps.map",{"fileSnapShotHashValue":"cae80e4e24e312a7d3f510a0e0c5c37762d90d5fc0a150f33d76922f5a5e1442"}]]}},":rentRoom-master:entry:default@SignHap":{"_inputs":[{"dataType":"ValueEntry","value":"{\"_name\":\"enableSignTask\",\"_value\":true,\"_valueType\":\"boolean\"}"},{"dataType":"ValueEntry","value":"{\"_name\":\"sdkToolchainsComponentVersion\",\"_value\":\"6.0.1.112\",\"_valueType\":\"string\"}"},{"dataType":"ValueEntry","value":"{\"_name\":\"existSigningConfig\",\"_value\":false,\"_valueType\":\"boolean\"}"},{"dataType":"ValueEntry","value":"{\"_name\":\"BUILTIN_TASK_COMMAND\",\"_value\":\"\",\"_valueType\":\"string\"}"},{"dataType":"ValueEntry","value":"{\"_name\":\"BUILTIN_TASK_TOOLCHAIN\",\"_value\":\"\",\"_valueType\":\"string\"}"},{"dataType":"ValueEntry","value":"{\"_name\":\"BUILTIN_TASK_ENV\",\"_value\":\"\",\"_valueType\":\"string\"}"}],"_successful":true,"_projectName":"rentRoom-master","_moduleName":"entry","_taskName":"default@SignHap","_key":":rentRoom-master:entry:default@SignHap","_executionId":":rentRoom-master:entry:default@SignHap:1765019704630","_inputFiles":{"dataType":"Map","value":[["C:\\Users\\fl\\Desktop\\rentRoom-master\\entry\\build\\default\\outputs\\default\\entry-default-unsigned.hap",{"isDirectory":false,"fileSnapShotHashValue":"f9d2ad1d93fdcea4942267e25b7cbb219bc89a76f50d8e6cc2c8729d0cea6f71"}]]},"_outputFiles":{"dataType":"Map","value":[["C:\\Users\\fl\\Desktop\\rentRoom-master\\entry\\build\\default\\outputs\\default\\entry-default-signed.hap",{"isDirectory":false,"fileSnapShotHashValue":""}]]}},":rentRoom-master:entry:default@CollectDebugSymbol":{"_inputs":[{"dataType":"ValueEntry","value":"{\"_name\":\"BUILTIN_TASK_COMMAND\",\"_value\":\"\",\"_valueType\":\"string\"}"},{"dataType":"ValueEntry","value":"{\"_name\":\"BUILTIN_TASK_TOOLCHAIN\",\"_value\":\"\",\"_valueType\":\"string\"}"},{"dataType":"ValueEntry","value":"{\"_name\":\"BUILTIN_TASK_ENV\",\"_value\":\"\",\"_valueType\":\"string\"}"}],"_successful":false,"_projectName":"rentRoom-master","_moduleName":"entry","_taskName":"default@CollectDebugSymbol","_key":":rentRoom-master:entry:default@CollectDebugSymbol","_executionId":":rentRoom-master:entry:default@CollectDebugSymbol:1765019704633","_inputFiles":{"dataType":"Map","value":[["C:\\Users\\fl\\Desktop\\rentRoom-master\\entry\\build\\default\\intermediates\\loader_out\\default\\ets\\sourceMaps.map",{"fileSnapShotHashValue":"cae80e4e24e312a7d3f510a0e0c5c37762d90d5fc0a150f33d76922f5a5e1442"}],["C:\\Users\\fl\\Desktop\\rentRoom-master\\entry\\build\\default\\intermediates\\libs\\default",{"isDirectory":true,"fileSnapShotHashValue":""}]]},"_outputFiles":{"dataType":"Map","value":[["C:\\Users\\fl\\Desktop\\rentRoom-master\\entry\\build\\default\\outputs\\default\\symbol",{"isDirectory":true,"fileSnapShotHashValue":""}]]}}}