{
	"app": {
		"bundleName": "com.example.axios_openharmony",
		"versionCode": 1000000,
		"versionName": "1.0.0",
		"minAPIVersion": 9,
		"targetAPIVersion": 12,
		"apiReleaseType": "Beta2",
		"compileSdkVersion": "5.0.0.31",
		"compileSdkType": "OpenHarmony",
		"appEnvironments": [],
		"bundleType": "app"
	},
	"module": {
		"name": "library",
		"type": "har",
		"deviceTypes": [
			"default",
			"tablet"
		],
		"installationFree": false,
		"virtualMachine": "ark9.0.0.0",
		"compileMode": "esmodule",
		"dependencies": []
	}
}
